:020000040800F2
:10000000F0070020D50100083B1C0008331C000845
:10001000371C0008B9040008D120000800000000C7
:10002000000000000000000000000000691C000843
:10003000BD040008000000003D1C00086B1C000807
:10004000EF010008EF010008EF010008EF010008D0
:10005000EF010008EF010008EF010008EF010008C0
:10006000EF010008EF010008EF010008EF010008B0
:10007000EF010008EF010008EF010008EF010008A0
:10008000EF010008EF010008EF010008EF01000890
:10009000EF010008EF010008EF010008EF01000880
:1000A000EF010008EF010008EF010008EF01000870
:1000B000EF010008EF010008EF010008EF01000860
:1000C000EF010008EF010008EF010008EF01000850
:1000D000EF010008C1200008EF010008EF0100084F
:1000E000EF010008EF010008EF010008EF01000830
:1000F000EF010008EF010008EF010008EF01000820
:10010000EF010008EF010008751C0008EF0100086E
:10011000EF010008EF010008EF010008EF010008FF
:10012000EF010008EF010008EF010008EF010008EF
:1001300000F002F800F03FF80AA090E8000C8244BA
:100140008344AAF10107DA4501D100F034F8AFF297
:10015000090EBAE80F0013F0010F18BFFB1A43F0A5
:100160000103184734AB000054AB0000103A24BF21
:1001700078C878C1FAD8520724BF30C830C144BF0C
:1001800004680C607047000000230024002500264E
:10019000103A28BF78C1FBD8520728BF30C148BFEA
:1001A0000B607047782900F07780002070471FB5FA
:1001B0001FBD10B510BD00F04DF91146FFF7F7FF58
:1001C00007F038FA00F06BF903B4FFF7F2FF03BC55
:1001D00001F09CFF0948804709480047FEE7FEE719
:1001E000FEE7FEE7FEE7FEE7FEE7FEE7FEE7FEE7E7
:1001F00004480549054A064B70470000731C000877
:1002000031010008F0010020F0070020F003002079
:10021000F0030020704700000FB4044910B503AA92
:10022000029800F0E9F810BC5DF814FB080000200B
:100230002DE9F0410E460446002020622046E16888
:10024000884730B3252805D0D4E901219047206A9A
:10025000401CF2E7E168204600278847050018D0D7
:10026000A5F14100192802D820354FF40067324625
:10027000294620462760FFF795FF40B1012804D0AA
:10028000F61D26F007060836D8E7361DD6E72846BD
:10029000DAE7206ABDE8F08170B504460D462146D4
:1002A0001068AFF300802188090502D50F4A7A440F
:1002B00002E00E4A7A440E32002104F1240305E0E4
:1002C00000F00F060009965D5E54491C0028F7D126
:1002D00020780023000704D5702D02D009B1022335
:1002E00011322046BDE8704000F02DB8BEA90000D4
:1002F0004FF0000200B5134694469646203922BFBF
:10030000A0E80C50A0E80C50B1F12001BFF4F7AF09
:10031000090728BFA0E80C5048BF0CC05DF804EBEB
:10032000890028BF40F8042B08BF704748BF20F859
:10033000022B11F0804F18BF00F8012B7047704757
:100340007047704770472DE9F0470D469946924631
:10035000044600F124080168880604D5E06921F00C
:100360001001216000E00120A84201DD471B00E0F0
:100370000027A1697A1902EB0900081AA061207808
:10038000C00602D42046AFF30080002608E0D4E97E
:1003900001211AF806009047206A401C761C206252
:1003A0004E45F4DB2078C0060AD52046AFF3008026
:1003B00006E0D4E9012130209047206A401C2062E9
:1003C000381EA7F10107F4DC07E0D4E9012118F891
:1003D00005009047206A401C2062281EA5F10105F7
:1003E000F3DC2046AFF300802078000602D502201F
:1003F000BDE8F0870120FBE7074B70B50D467B4455
:1004000000F011F80446284600F020F810B14FF033
:10041000FF3070BD204670BD771D000001694A1C89
:1004200002610878704700B58FB0CDE90131002135
:10043000059105497944CDE9031011466846FFF757
:10044000F7FE0FB000BD0000E5FFFFFF007B00F0EE
:1004500080007047754600F02BF8AE4605006946EF
:10046000534620F00700854618B020B5FFF7C0FEC0
:10047000BDE820404FF000064FF000074FF00008A5
:100480004FF0000B21F00701AC46ACE8C009ACE826
:10049000C009ACE8C009ACE8C0098D46704710B58A
:1004A0000446AFF300802046BDE81040FFF78CBE45
:1004B000004870479001002000BFFEE77047000031
:1004C00070B50446002594F82100022803D00420CA
:1004D000A0630125C1E02068006820F00E002168BB
:1004E00008602068006820F00100216808605C490D
:1004F0002068884252D95A4978392068884201D107
:10050000012047E0564964392068884201D1102013
:1005100040E0534950392068884201D1801539E0C4
:100520004F493C392068884201D1801432E04C495F
:1005300028392068884202D14FF480302AE04849A7
:1005400014392068884202D14FF4801022E04449D7
:100550002068884201D140041CE04249206888425A
:1005600001D1012016E03F4914312068884201D1B1
:1005700010200FE03B4928312068884201D18015C6
:1005800008E038493C312068884201D1801401E0FC
:100590004FF480303349091F086051E03049783901
:1005A0002068884201D1012047E02D496439206844
:1005B000884201D1102040E0294950392068884202
:1005C00001D1801539E026493C392068884201D1A3
:1005D000801432E0224928392068884202D14FF441
:1005E00080302AE01E4914392068884202D14FF435
:1005F000801022E01A492068884201D140041CE0A2
:1006000018492068884201D1012016E015491431AB
:100610002068884201D110200FE01249283120685B
:10062000884201D1801508E00E493C31206888429B
:1006300001D1801401E04FF48030094980394860CD
:10064000012084F8210000BF002084F8200000BFB2
:10065000606B10B12046616B8847284670BD000072
:1006600080000240080402402DE9F84702460023BA
:100670009C467BE14FF0010808FA03F4D1F80080B2
:1006800008EA0400A0427DD1DFF8F4A2D1F804808A
:10069000A8EB0A09D0453AD014DCB8F1030F50D0CA
:1006A00009DCB8F1000F31D0B8F1010F1CD0B8F15E
:1006B000020F49D120E0B8F1110F18D0B8F1120F94
:1006C00042D11EE0B9F5881F25D006DCB9F5803F80
:1006D00020D0B9F5801F37D11AE0B9F5001F18D026
:1006E000B9F5041F30D117E0D1F80CC02DE0D1F8D6
:1006F0000C8008F1040C28E0D1F80C8008F1080CFB
:1007000023E0D1F80C8008F10C0C1EE000BF00BF04
:1007100000BF00BF00BF00BFD1F80880B8F1000FD4
:1007200002D14FF0040C0BE0D1F80880B8F1010FB2
:1007300003D14FF0080C146102E04FF0080C546133
:1007400003E04FF0000C00E000BF00BFFF2801D81D
:10075000904601E002F104084646FF2802D84FEA1D
:10076000830803E0A3F108084FEA88084746D6F853
:1007700000804FF00F0909FA07F928EA09080CFA76
:1007800007F900E07AE048EA0908C6F80080D1F8E5
:10079000048008F08058B8F1805F6FD100BFDFF8A7
:1007A000E481D8F8188048F00108DFF8D891C9F83A
:1007B0001880C846D8F8188008F00108CDF80080E5
:1007C00000BF00BF4FEAB9384FEA930958F82950E3
:1007D0004FEA83784FEA18794FF00F0808FA09F8C2
:1007E00025EA0805DFF8A081424502D14FF0000854
:1007F00024E0DFF89881424502D14FF001081DE066
:10080000DFF88C81424502D14FF0020816E0DFF894
:100810008481424502D14FF003080FE0DFF8788170
:10082000424502D14FF0040808E0DFF870814245EC
:1008300002D14FF0050801E04FF006084FEA837936
:100840004FEA197908FA09F848EA0505DFF85081F6
:100850004FEA930948F82950D1F8048008F4803809
:10086000B8F5803F0BD1DFF83C81D8F8008048EA2A
:100870000008DFF83091C9F800800AE075E0DFF881
:100880002481D8F8008028EA0008DFF81891C9F818
:100890000080D1F8048008F40038B8F5003F0ED18C
:1008A000DFF8008108F10408D8F8008048EA000861
:1008B000DFF8F09009F10409C9F800800DE0DFF8D5
:1008C000E48008F10408D8F8008028EA0008DFF87E
:1008D000D49009F10409C9F80080D1F8048008F423
:1008E0008018B8F5801F0ED1DFF8B88008F108082D
:1008F000D8F8008048EA0008DFF8A89009F1080954
:10090000C9F800800DE0DFF89C8008F10808D8F8ED
:10091000008028EA0008DFF88C9009F10809C9F87E
:100920000080D1F8048008F40018B8F5001F0ED13B
:10093000DFF8708008F10C08D8F8008048EA000859
:10094000DFF8609009F10C09C9F800800DE0DFF8CC
:10095000548008F10C08D8F8008028EA0008DFF875
:10096000449009F10C09C9F800805B1CD1F80080A3
:1009700028FA03F8B8F1000F7FF47CAEBDE8F887E1
:10098000000011100010024000080140000C01405E
:10099000001001400014014000180140001C0140FB
:1009A0000800014000040140024693680B400BB16F
:1009B000012000E00020704710B5C26821EA020360
:1009C00002EA010443EA0443036110BD0AB1016174
:1009D00001E00B04036170470148006870470000A4
:1009E00010000020034800680349097808440149C1
:1009F00008607047100000201800002010B508485B
:100A0000006840F0100006490860052000F080F8FA
:100A10000F2000F007F800F02BF8002010BD0000B8
:100A20000020024070B504460E4800784FF47A71F9
:100A3000B1FBF0F00C490968B1FBF0F5284600F075
:100A4000E3FB08B1012070BD102C07D20022214623
:100A5000501E00F01EF80548046001E00120F2E796
:100A60000020F0E718000020000000201400002003
:100A7000704701460846002809DB00F01F030122E9
:100A80009A4043099B0003F1E023C3F8002100BF13
:100A900070472DE9F05F80460D461646002701F0AD
:100AA00019FB074639462A46334601F00700C0F1D4
:100AB000070ABAF1040F02D94FF0040A01E0C0F1AD
:100AC000070AD14600F1040ABAF1070F02D24FF02B
:100AD000000A01E0A0F1030AD4464FF0010A0AFA25
:100AE00009FAAAF1010A0AEA020A0AFA0CFA4FF014
:100AF000010B0BFA0CFBABF1010B0BEA030B4AEAFF
:100B00000B042146404601F0EDFABDE8F09F0000DD
:100B100000BF00F00702064B19684FF6FF031940AB
:100B2000044B0B4343EA0221014B196000BF70479D
:100B30000CED00E00000FA0570B504460D460CB956
:100B4000012070BD5A48006800F00700A8420ED28C
:100B50005748006820F007002843554908600846B8
:100B6000006800F00700A84201D00120E9E72078E2
:100B700000F0020002281DD1207800F004000428B3
:100B800005D14C48406840F4E0604A49486020780C
:100B900000F00800082805D14648406840F460503D
:100BA000444948604348406820F0F000A168084389
:100BB00040494860207800F0010078B3606801285F
:100BC00006D13C48006800F4003090B90120B8E735
:100BD0006068022806D13748006800F0007040B90C
:100BE0000120AEE73348006800F0020008B9012098
:100BF000A7E73048406820F00300616808432D49AA
:100C00004860FFF7E9FE064609E0FFF7E5FE801BB6
:100C100041F28831884202D9032092E707E0254853
:100C2000406800F00C006168B0EB810FEDD1204806
:100C3000006800F00700A8420ED91D48006820F0A7
:100C4000070028431A4908600846006800F00700BA
:100C5000A84201D0012074E7207800F004000428A5
:100C600007D11448406820F4E060E1680843114966
:100C70004860207800F00800082808D10D48406836
:100C800020F46050216940EAC1000A49486000F040
:100C90003FF808494968C1F30311074A515CC8404D
:100CA0000649086006480068FFF7BCFE002048E7D8
:100CB0000020024000100240D87C00080000002004
:100CC0001400002001480068704700000000002068
:100CD00000B5FFF7F7FF04494968C1F30221034A51
:100CE000515CC84000BD000000100240E87C0008D4
:100CF00000B5FFF7E7FF04494968C1F3C221034A81
:100D0000515CC84000BD000000100240E87C0008B3
:100D1000F0B585B00FF26C0C9CE8E01001A8A0E8DB
:100D2000E0101CA52D68009500210022002300245E
:100D30000020194D696801F00C05F5B1042D02D0B1
:100D4000082D19D101E0154819E001ADC1F3834622
:100D5000AC5D01F4803555B10F4D6D68C5F340456C
:100D60001DF805200D4D6543B5FBF2F302E00C4D77
:100D700004FB05F3184602E000BF084800BF00BFAF
:100D800005B0F0BD02030405060708090A0B0C0DA7
:100D90000E0F1010010200000010024000127A0035
:100DA00000093D00F8B504460CB90120F8BD2078D3
:100DB00000F00100002878D0F848406800F00C00EE
:100DC00004280CD0F548406800F00C00082811D128
:100DD000F248406800F48030B0F5803F0AD1EF4817
:100DE000006800F4003000285FD0606800285CD103
:100DF0000120DBE700BF6068B0F5803F06D1E7481F
:100E0000006840F48030E549086028E0606858B91F
:100E1000E248006820F48030E04908600846006835
:100E200020F4802008601AE06068B0F5A02F0BD194
:100E3000DA48006840F48020D84908600846006815
:100E400040F4803008600AE0D448006820F4803024
:100E5000D24908600846006820F48020086000BF7E
:100E6000606888B1FFF7B8FD054606E0FFF7B4FDFE
:100E7000401B642801D9032098E7C848006800F4A3
:100E800000300028F2D010E0FFF7A6FD054606E08E
:100E9000FFF7A2FD401B642801D9032086E7BF4865
:100EA000006800F400300028F2D1207800F0020041
:100EB000022857D1B948406800F00C0050B1B7483B
:100EC000406800F00C00082818D1B448406800F4CD
:100ED000803098B9B148006800F0020020B1206964
:100EE000012801D0012061E7AC48006820F0F8003B
:100EF000616940EAC100A949086033E02069E8B1AE
:100F00000120A7490860FFF767FD054606E0FFF7E7
:100F100063FD401B022801D9032047E79F48006872
:100F200000F002000028F2D09C48006820F0F80091
:100F3000616940EAC1009949086013E000209849BE
:100F40000860FFF749FD054606E0FFF745FD401B39
:100F5000022801D9032029E79048006800F0020028
:100F60000028F2D1207800F0080008282DD1A069CF
:100F7000B8B101208B490860FFF72EFD054606E059
:100F8000FFF72AFD401B022801D903200EE7834802
:100F9000406A00F002000028F2D0012000F050FE6C
:100FA00013E000207F490860FFF716FD054606E0C4
:100FB000FFF712FD401B022801D90320F6E677480F
:100FC000406A00F002000028F2D1207800F004000E
:100FD000042873D100277148C06900F0805070B9AF
:100FE00000BF6E48C06940F080506C49C861084637
:100FF000C06900F08050009000BF00BF01276A4820
:10100000006800F48070B0B96748006840F48070F0
:1010100065490860FFF7E0FC054606E0FFF7DCFCE9
:10102000401B642801D90320C0E65F48006800F433
:1010300080700028F2D000BFE068012806D1574830
:10104000006A40F001005549086227E0E06858B99D
:101050005248006A20F00100504908620846006AC0
:1010600020F00400086219E0E06805280BD14B4825
:10107000006A40F00400494908620846006A40F0EE
:10108000010008620AE04548006A20F00100434977
:1010900008620846006A20F00400086200BFE068A9
:1010A000A0B1FFF799FC054609E0FFF795FC401B4E
:1010B00041F28831884202D9032077E622E037489E
:1010C000006A00F002000028EFD012E0FFF784FC75
:1010D000054608E0FFF780FC401B41F2883188425A
:1010E00001D9032062E62D48006A00F002000028C2
:1010F000F0D1012F05D12948C06920F0805027493F
:10110000C86100BFE069C8B32448406800F00C0023
:10111000082860D0E069022848D1002020490866EC
:10112000FFF75AFC054606E0FFF756FC401B022875
:1011300001D903203AE61948006800F00070002841
:10114000F2D1206AB0F5803F07D11448406820F4FE
:101150000030A168084311494860D4E908010843F8
:101160000E49496821F4741108430C494860012074
:101170000B490866FFF730FC054607E03DE0FFF746
:101180002BFC401B022801D903200FE6034800680E
:1011900000F000700028F2D02FE0000000100240A4
:1011A0000000424280044242007000400020144986
:1011B0000866FFF711FC054606E0FFF70DFC401B33
:1011C000022801D90320F1E50E48006800F0007004
:1011D0000028F2D111E0E069012800D1E6E50948D4
:1011E000466806F48031206A814204D106F4701109
:1011F000606A814201D00120D8E50020D6E50000D8
:10120000000042420010024070B504462546681EA8
:10121000B0F1807F01D301200FE0681E4FF0E02184
:1012200048610F214FF0FF3000F05CFF00204FF0CD
:10123000E021886107200861002070BD7047704779
:1012400070B505464A492868884276D10221494846
:10125000FFF7AAFBE0B100BF47480068006A20F032
:10126000A00045490968086243480068006A40F0E8
:10127000200041490968086200BF00203E49096812
:1012800048623E48007840F010003C4908706DE02C
:101290000421394800F0ECFA84B200BF36480068F7
:1012A000006A20F0A00034490968086232480068EA
:1012B000006A31490968086200BF3048007800F0D0
:1012C000100000284CD02D48007800F08000A8B312
:1012D000B4F5967F0DDDB4F5487F0ADA284800683A
:1012E0004008274908600846006820F00040086070
:1012F00036E0B4F5AF6F0DDDB4F5E16F0ADA2048E2
:10130000006840081E4908600846006840F0004038
:10131000086025E0B4F5FA6F22DD40F6B83084426B
:101320001EDA18480078401C1649087013480078E7
:1013300000F0F0001149087012E018E0FFE741F2F8
:10134000680084420CDD41F25C20844208DA0B48DC
:10135000007840F0800009490870002009490870B1
:101360000648007820F010000449087000BF70BDE6
:10137000000C00400008014048010020240000202B
:10138000280000202C0000202DE9F04104460D46E5
:10139000164600BF94F83C00012802D10220BDE8A7
:1013A000F081012084F83C0000BF96B9EB68D5E9D4
:1013B0000012206800F0C6FC2068806920F00C0054
:1013C0002168886120688069A9680843216888616C
:1013D0003DE0042E13D1EB68D5E90012206800F03F
:1013E000EFFC2068806920F44060216888612068F3
:1013F0008069A96840EA01202168886127E0082EF9
:1014000012D1EB68D5E90012206800F0F6FC2068E4
:10141000C06920F00C002168C8612068C069A96813
:1014200008432168C86112E0EB68D5E90012206822
:1014300000F0FFFC2068C06920F440602168C861AA
:101440002068C069A96840EA01202168C86100BF1E
:10145000002084F83C0000BF00BFA0E710B50446A0
:101460000CB9012010BD94F83D0028B9002084F883
:101470003C00204600F026F8022084F83D00211DA3
:10148000206800F0FFFB012084F8460000BF84F8CC
:101490003E0001213F2001554020015541200155CA
:1014A00000BF00BF012084F84200432001554420C2
:1014B00001554520015500BF012084F83D00002062
:1014C000D0E7000010B586B004461D492068884268
:1014D00033D100BF00BF1B48806940F004001949A8
:1014E00088610846806900F00400019000BF00BFD9
:1014F00000BF00BF00BF0846C06940F00800C861D7
:101500000846C06900F00800019000BF00BF00BF9E
:1015100002200290002003900120049003200590F7
:1015200002A90948FFF7A0F8032201213220FFF7A2
:10153000B0FA3220FFF79DFA00BF06B010BD0000E0
:10154000000C0040001002400008014070B5044645
:101550000D461DB9022084F83E000EE0042D03D193
:1015600002213F20015508E0082D03D1022140202F
:10157000015502E00221412001551DB9022084F8E5
:1015800042000EE0042D03D102214320015508E062
:10159000082D03D102214420015502E002214520FB
:1015A000015535B1042D0BD0082D10D00C2D1CD1B8
:1015B00014E02068C06840F002002168C86015E0AF
:1015C0002068C06840F004002168C8600EE0206810
:1015D000C06840F008002168C86007E02068C06863
:1015E00040F010002168C86000E000BF00BF012289
:1015F0002946206800F094FB16492068884213D0E1
:101600001549206888420FD02068B0F1804F0BD078
:1016100012492068884207D011492068884203D0C7
:101620001049206888420CD12068806800F00706C5
:10163000062E0CD02068006840F001002168086088
:1016400005E02068006840F0010021680860002083
:1016500070BD0000002C0140003401400004004037
:1016600000080040000C004010B5044620680069E6
:10167000C0F34000D8B12068C068C0F34000B0B1EA
:101680006FF00200216808610120207720688069DE
:1016900000F0030018B12046FFF7D2FD05E0204618
:1016A00000F0ADF8204600F0ABF80020207720686D
:1016B0000069C0F38000D8B12068C068C0F3800022
:1016C000B0B16FF004002168086102202077206823
:1016D000806900F4407018B12046FFF7B1FD05E0C5
:1016E000204600F08CF8204600F08AF80020207791
:1016F00020680069C0F3C000D8B12068C068C0F39A
:10170000C000B0B16FF008002168086104202077A4
:101710002068C06900F0030018B12046FFF790FD73
:1017200005E0204600F06BF8204600F069F8002044
:10173000207720680069C0F30010D8B12068C06825
:10174000C0F30010B0B16FF01000216808610820EC
:1017500020772068C06900F4407018B12046FFF778
:101760006FFD05E0204600F04AF8204600F048F8FA
:10177000002020772068006900F0010058B120683F
:10178000C06800F0010030B16FF00100216808610D
:10179000204600F037F820680069C0F3C01058B147
:1017A0002068C068C0F3C01030B16FF080002168BD
:1017B00008612046FFF742FD20680069C0F38010F1
:1017C00058B12068C068C0F3801030B16FF040009D
:1017D00021680861204600F064F820680069C0F3C1
:1017E000401058B12068C068C0F3401030B16FF0AD
:1017F0002000216808612046FFF721FD10BD7047D9
:1018000070470000184A016891422BD117490978A6
:1018100001F0800131B31549097821F01001134A14
:1018200011701146097801F00F0121B911460978AC
:1018300041F0400111700D49097801F00F010E29A6
:1018400005DA0A490978491C084A11700AE0074973
:10185000097821F08001054A11701146097801F0DC
:10186000F001117070470000000C004024000020BF
:101870000246002031B1042907D0082908D00C29DC
:101880000CD108E01368586B09E01368986B06E008
:101890001368D86B03E01368186C00E000BF00BF4A
:1018A00070477047704700002DE9F04704462068F4
:1018B00005682068C668206847694FF00008C1467F
:1018C00005F00F08B8F1000F0AD105F0200038B17B
:1018D00006F0200020B1204600F0F3FABDE8F087C2
:1018E000B8F1000F71D007F0010018B906F490703C
:1018F00000286AD005F0010030B106F4807018B1FC
:10190000E06B40F00100E06305F0040030B107F047
:10191000010018B1E06B40F00200E06305F0020046
:1019200030B107F0010018B1E06B40F00400E06353
:1019300005F0080048B106F0200010B907F00100DA
:1019400018B1E06B40F00800E063E06B68B305F0AD
:10195000200028B106F0200010B1204600F0B1FAB6
:1019600020684069C0F38019E06B00F0080010B9EE
:10197000B9F1000F22D0204600F083FA20684069B8
:1019800000F04000B0B12068406920F040002168BC
:101990004861606B50B11848616B4863606BFEF73B
:1019A0008FFD10B1606B416B88470CE02046FFF75C
:1019B00079FF08E02046FFF775FF04E02046FFF7B7
:1019C00071FF0020E06389E7FFE705F0800030B198
:1019D00006F0800018B1204600F042FB7EE705F0DB
:1019E000400030B106F0400018B1204600F059FA2E
:1019F00074E700BF72E700006F1E000810B50446D0
:101A00000CB9012010BDA06900B100E000BF94F83E
:101A1000390028B9002084F83800204600F028F862
:101A2000242084F839002068C06820F40050216820
:101A3000C860204600F096FA2068006920F49040C3
:101A4000216808612068406920F02A002168486107
:101A50002068C06840F400502168C8600020E0633E
:101A6000202084F8390084F83A000020CAE70000FA
:101A700010B586B004462849206888424AD100BF84
:101A800000BF2648806940F0040024498861084668
:101A9000806900F00400019000BF00BF00BF00BFDC
:101AA00000BF0846806940F00400886108468069EC
:101AB00000F00400019000BF00BF00BF00BF00BFE6
:101AC0000846806940F4804088610846806900F4D7
:101AD0008040019000BF00BF00BF48150290022067
:101AE0000390012004900320059002A90C48FEF702
:101AF000BBFD4FF4806002900020039002A90848CB
:101B0000FEF7B2FD2520FEF7B4FF03221146252083
:101B1000FEF7BFFF06B010BD0038014000100240C4
:101B20000008014010B5034693F83A0020282FD151
:101B300001B10AB9012010BD00BF93F83800012897
:101B400001D10220F7E7012083F8380000BF996235
:101B50009A85DA850020D863222083F83A0000BFF6
:101B6000002083F8380000BF1868C06840F4807017
:101B70001C68E0601868406940F001001C68606102
:101B80001868C06840F020001C68E0600020D2E7C0
:101B90000220D0E710B504462049206888423BD196
:101BA0001F48008800F4004088BB1D48008800F4EE
:101BB000804070B11B4800780A2803D000201849E3
:101BC000088024E01648008840F40040144908804A
:101BD0001DE0144800780D2806D11148008840F413
:101BE00080400F49088012E00E4800780C490988AF
:101BF000C1F30D010C4A505409480088401C0849A3
:101C0000088008460088C72801DD002008800122DE
:101C100004490648FFF786FF10BD00000038014068
:101C20000C0000200E00002030000020F8000020F2
:101C3000704700BFFEE700BFFEE770477047000037
:101C400008B508490968C9084FF47A72B1FBF2F186
:101C50004143009100BF00BF00994A1E0092002935
:101C6000F9D108BD00000020704710B5FEF7BAFE9C
:101C700010BD704710B50248FFF7F6FC10BD00001C
:101C80004801002010B50268204B98420ED0204B2E
:101C900098420BD0B0F1804F08D01E4B984205D02F
:101CA0001D4B984202D01D4B984203D122F0700286
:101CB0004B681A43154B98420ED0154B98420BD0E7
:101CC000B0F1804F08D0134B984205D0124B984288
:101CD00002D0124B984203D122F44072CB681A43CF
:101CE00022F080034C6943EA040202608B68C362FD
:101CF0000B688362054B984202D0054B984201D194
:101D00000B6903630123436110BD0000002C0140F7
:101D1000003401400004004000080040000C004076
:101D200030B501F01F05012404FA05F3046A9C4351
:101D30000462046A01F01F0502FA05F52C430462EF
:101D400030BD000070B50C461546066A26F0010647
:101D500006628169026A154EB0420ED0144EB0423E
:101D60000BD0B0F1804F08D0124EB04205D0124EC9
:101D7000B04202D0114EB04201D1012600E000264F
:101D80001EB121F00301294301E041F0010121F0DE
:101D9000F001F02606EA0316314322F00A0204F0AD
:101DA0000A0632438161026270BD0000002C0140CE
:101DB000003401400004004000080040000C0040D6
:101DC00070B50C461546066A26F010060662816953
:101DD000026A21F4407141EA052121F470414FF477
:101DE000704606EA0336314322F0A002A02606EA36
:101DF000041632438161026270BD70B50C4615460F
:101E0000066A26F480760662C169026A21F003013F
:101E1000294321F0F001F02606EA0316314322F4AB
:101E200000724FF4007606EA04263243C161026272
:101E300070BD70B50C461546066A26F480560662DB
:101E4000C169026A21F4407141EA052121F470411F
:101E50004FF4704606EA0336314322F400524FF441
:101E6000005606EA04363243C161026270BD70B5A5
:101E700005466C6A0020E085E0842046FFF712FDED
:101E800070BD0168C96821F490710268D160016871
:101E9000496921F0010102685161202180F83A105E
:101EA000704710B504462068C06820F040002168E3
:101EB000C860202084F839002046FFF7B9FE0020D2
:101EC00010BD70B5044694F83A00222847D1A068A6
:101ED000B0F5805F0CD1206950B90025A66A206852
:101EE0004068C0F308003080A06A801CA06215E042
:101EF000A56A0026A068B0F5805F03D0A06828B965
:101F0000206918B920684068287004E0206840689B
:101F100000F07F002870A06A401CA062E08D401E87
:101F200080B2E085C8B92068C06820F02000216830
:101F3000C8602068C06820F480702168C86020688C
:101F4000406920F0010021684861202084F83A00AF
:101F50002046FFF71FFE002070BD0020FCE7022096
:101F6000FAE7000070B504462168096921F4405180
:101F7000E2681143226811612269A1681143626914
:101F800041EA02052168C96841F20C629143294384
:101F90002268D1602168496921F44071A269114326
:101FA000226851612D4A2168914202D1FEF7A0FEBC
:101FB00001E0FEF78DFE00EBC00101EB001162684D
:101FC0009200B1FBF2F100EBC00202EB0012636879
:101FD0009B00B2FBF3F26423B2FBF3F202EBC20309
:101FE00003EB0212A1EB8201322202EB0111642207
:101FF000B1FBF2F101F0F00100EBC00202EB0012C4
:1020000063689B00B2FBF3F26423B2FBF3F201EBD3
:10201000021200EBC00101EB001163689B00B1FBF1
:10202000F3F100EBC00303EB00136668B600B3FBEB
:10203000F6F36426B3FBF6F303EBC30606EB0313D8
:10204000A1EB8301322303EB01116423B1FBF3F114
:1020500001F00F0111442268916070BD0038014009
:10206000014691F83900212828D18868B0F5805FB1
:102070000BD1086948B90A6A1088C0F308000B68D8
:102080005860086A801C086205E00B6A581C0862E8
:1020900018780B685860C88C401E80B2C88458B944
:1020A0000868C06820F080000B68D8600868C068C5
:1020B00040F040000B68D860002070470220FCE729
:1020C00010B50248FFF7F0FB10BD0000F80000203B
:1020D00000BFFEE702480068C0F30220704700001E
:1020E0000CED00E010B5002804DB0A07130E054ACA
:1020F000135406E00A07140E034A00F00F031B1FD7
:10210000D45410BD00E400E018ED00E000BF7047BB
:1021100001490860704700000400002010B5044623
:102120004FF47A7104FB01F000F002F810BD0000DA
:1021300070B5034600224FF0E02675690D4E3668F3
:1021400003FB06F44FF0E026B16910E04FF0E02603
:10215000B06988420BD0884202D20E1A324402E0A3
:102160002E1A0E4432440146A24200D300E0EDE7AD
:1021700000BF70BD0400002000BF054A126802F0D5
:102180004002002AF9D0C2B2014B1B1D1A607047F1
:102190000038014078B5044600261B480588408871
:1021A00045430021084604F0F3FD00BF16480089AE
:1021B00000904FF080701549086140000861BDF83B
:1021C0000000134908604FF40000104908618020A6
:1021D00008618000086100BF00BF40100861400432
:1021E000086100BF08E00A4804604FF40000074996
:1021F000086180200861761CAE42F4D34FF4007071
:102200000249086178BD000038010020001001403B
:102210000C0C014010B5044658488471002C58D16C
:10222000F020564908804FF4A07048800846808806
:1022300045F21051884210D14FF430504F49088177
:102240004FF4285048814FF42C5088814FF4F0709F
:1022500008804FF4487048801AE04848808841F66A
:10226000631188420DD12C20444908812B204881DC
:102270002A2088814FF4F07008804FF4487048801D
:1022800006E02C203D4908812A2048812B208881A6
:102290003A48808845F21031884205D03748808816
:1022A00047F29671884206D14FF4A07033490880F6
:1022B0004FF4F07048803148808849F60601884222
:1022C00058D14FF4F0702D4908804FF44870488081
:1022D00050E04FF4A07029490880F020488008465B
:1022E000808845F21051884210D14FF43050234974
:1022F00008814FF4285048814FF42C5088814FF4C6
:10230000487008804FF4F070488020E01B488088B7
:1023100041F66311884205D01848808849F60601C5
:1023200088420DD12C20154908812A2048812B2074
:1023300088814FF4487008804FF4F070488006E0C0
:102340002C200E4908812A2048812B2088810B48A7
:10235000808845F21031884205D00848808847F2CD
:102360009671884206D14FF4F070044908804FF40A
:10237000A0704880002004F077FA10BD38010020DA
:1023800078B505460E4614463146284604F000FD51
:1023900000BF1248008900904FF08070104908611A
:1023A00040000861BDF800000E4908604FF40000CD
:1023B0000B490861802008618000086100BF00BFF0
:1023C0004010086140040861064804604FF40000B2
:1023D0000861802008618000086178BD3801002014
:1023E000001001400C0C014008B5CF2000904FF0C8
:1023F0008070FE49086140000861BDF80000FC499A
:1024000008604FF40000F9490861802008618000ED
:10241000086100BF002005F089F8C12005F086F8AA
:10242000302005F083F8ED2000904FF08070EF49E8
:10243000086140000861BDF80000ED4908604FF4F4
:102440000000EA490861802008618000086100BF3F
:10245000642005F06BF8032005F068F8122005F001
:1024600065F8812005F062F8E82000904FF0807058
:10247000DE49086140000861BDF80000DC490860E1
:102480004FF40000D949086180200861800008618C
:1024900000BF852005F04AF8102005F047F87A20A3
:1024A00005F044F8CB2000904FF08070CF490861D0
:1024B00040000861BDF80000CD4908604FF40000FD
:1024C000CA490861802008618000086100BF392086
:1024D00005F02CF82C2005F029F8002005F026F84E
:1024E000342005F023F8022005F020F8F7200090B2
:1024F0004FF08070BD49086140000861BDF80000E0
:10250000BB4908604FF40000B849086180200861A9
:102510008000086100BF202005F008F8EA20009044
:102520004FF08070B149086140000861BDF80000BB
:10253000AF4908604FF40000AC4908618020086191
:102540008000086100BF002004F0F0FF002004F0CC
:10255000EDFFC02000904FF08070A449086140005A
:102560000861BDF80000A24908604FF400009F49CF
:102570000861802008618000086100BF1B2004F012
:10258000D5FFC12000904FF080709849086140004D
:102590000861BDF80000964908604FF400009349B7
:1025A0000861802008618000086100BF012004F0FC
:1025B000BDFFC52000904FF080708C49086140003D
:1025C0000861BDF800008A4908604FF4000087499F
:1025D0000861802008618000086100BF302004F09D
:1025E000A5FF302004F0A2FFC72000904FF08070BC
:1025F0007E49086140000861BDF800007C49086020
:102600004FF400007949086180200861800008616A
:1026100000BFB72004F08AFF362000904FF0807092
:102620007249086140000861BDF800007049086007
:102630004FF400006D490861802008618000086146
:1026400000BF482004F072FF3A2000904FF08070E5
:102650006649086140000861BDF8000064490860EF
:102660004FF4000061490861802008618000086122
:1026700000BF552004F05AFFB12000904FF0807049
:102680005A49086140000861BDF8000058490860D7
:102690004FF40000554908618020086180000861FE
:1026A00000BF002004F042FF1A2004F03FFFB620D4
:1026B00000904FF080704D49086140000861BDF8FE
:1026C00000004B4908604FF4000048490861802031
:1026D00008618000086100BF0A2004F027FFA220E3
:1026E00004F024FFF22000904FF080703F49086111
:1026F00040000861BDF800003D4908604FF400004B
:102700003A490861802008618000086100BF00200C
:1027100004F00CFF262000904FF0807033490861D0
:1027200040000861BDF80000314908604FF4000026
:102730002E490861802008618000086100BF0120E7
:1027400004F0F4FEE02000904FF08070274908610B
:1027500040000861BDF80000254908604FF4000002
:1027600022490861802008618000086100BF0F20B5
:1027700004F0DCFE2A2004F0D9FE282004F0D6FE66
:10278000082004F0D3FE0E2004F0D0FE082004F050
:10279000CDFE542004F0CAFEA92004F0C7FE432059
:1027A00004F0C4FE0A2004F0C1FE0F2004F0BEFEB7
:1027B000002004F0BBFE002004F0B8FE002004F06E
:1027C000B5FE002004F0B2FEE12000904FF08070D2
:1027D0000649086140000861BDF80000044908602E
:1027E0004FF4000001490861802003E0001001401F
:1027F0000C0C014008618000086100BF002004F05B
:1028000095FE152004F092FE172004F08FFE07209D
:1028100004F08CFE112004F089FE062004F086FEF0
:102820002B2004F083FE562004F080FE3C2004F0B0
:102830007DFE052004F07AFE102004F077FE0F20C4
:1028400004F074FE3F2004F071FE3F2004F06EFEA1
:102850000F2004F06BFE2B2000904FF08070364963
:10286000086140000861BDF80000344908604FF479
:10287000000031490861802008618000086100BFC4
:10288000002004F053FE002004F050FE012004F06C
:102890004DFE3F2004F04AFE2A2000904FF0807049
:1028A0002549086140000861BDF80000234908601F
:1028B0004FF4000020490861802008618000086111
:1028C00000BF002004F032FE002004F02FFE0020A4
:1028D00004F02CFEEF2004F029FE112000904FF0B0
:1028E00080701549086140000861BDF80000134977
:1028F00008604FF4000010490861802008618000E2
:10290000086100BF7820FFF709FC292000904FF0F4
:1029100080700949086140000861BDF8000007495E
:1029200008604FF4000004490861802008618000BD
:10293000086100BF08BD0000001001400C0C014000
:1029400008B5FF2000904FF08070FE4908614000FC
:102950000861BDF80000FC4908604FF40000F94927
:102960000861802008618000086100BFFF2004F03A
:10297000DDFD982004F0DAFD062004F0D7FDBC2030
:1029800000904FF08070EF49086140000861BDF889
:102990000000ED4908604FF40000EA49086180201A
:1029A00008618000086100BF012004F0BFFD0F2016
:1029B00004F0BCFD612004F0B9FDFF2004F0B6FD79
:1029C000012004F0B3FD012004F0B0FD0B2004F061
:1029D000ADFD102004F0AAFD372004F0A7FD632010
:1029E00004F0A4FDFF2004F0A1FDFF2004F09EFDF3
:1029F000012004F09BFD012004F098FD002004F06C
:102A000095FD002004F092FDFF2004F08FFD522080
:102A100004F08CFD012004F089FD002004F086FD07
:102A2000402004F083FDBD2000904FF08070C54928
:102A3000086140000861BDF80000C34908604FF418
:102A40000000C0490861802008618000086100BF63
:102A5000012004F06BFD232004F068FD452004F004
:102A600065FD672004F062FD012004F05FFD232076
:102A700004F05CFD452004F059FD672004F056FD8C
:102A8000BE2000904FF08070AE49086140000861A0
:102A9000BDF80000AC4908604FF40000A949086186
:102AA000802008618000086100BF002004F03EFD26
:102AB000012004F03BFDAB2004F038FD602004F061
:102AC00035FD222004F032FD222004F02FFD2220CB
:102AD00004F02CFD222004F029FD222004F026FD24
:102AE000C72000904FF0807096490861400008614F
:102AF000BDF80000944908604FF400009149086156
:102B0000802008618000086100BF362004F00EFDBF
:102B1000ED2000904FF080708A4908614000086104
:102B2000BDF80000884908604FF40000854908613D
:102B3000802008618000086100BF7F2004F0F6FC5F
:102B40000F2004F0F3FCC02000904FF080707D490E
:102B5000086140000861BDF800007B4908604FF43F
:102B6000000078490861802008618000086100BF8A
:102B70000F2004F0DBFC0B2004F0D8FC0A2004F04A
:102B8000D5FCFC2000904FF080706E490861400039
:102B90000861BDF800006C4908604FF40000694905
:102BA0000861802008618000086100BF082004F0EF
:102BB000BDFCDF2000904FF080706249086140004A
:102BC0000861BDF80000604908604FF400005D49ED
:102BD0000861802008618000086100BF002004F0C7
:102BE000A5FC002004F0A2FC002004F09FFC0020C3
:102BF00004F09CFC002004F099FC202004F096FCDA
:102C0000F32000904FF080704E4908614000086149
:102C1000BDF800004C4908604FF4000049490861C4
:102C2000802008618000086100BF742004F07EFCF1
:102C3000B42000904FF08070424908614000086164
:102C4000BDF80000404908604FF400003D490861AC
:102C5000802008618000086100BF002004F066FC4D
:102C6000002004F063FC002004F060FCF7200090DA
:102C70004FF080703349086140000861BDF80000E2
:102C8000314908604FF400002E4908618020086136
:102C90008000086100BF822004F048FCB120009051
:102CA0004FF080702749086140000861BDF80000BE
:102CB000254908604FF4000022490861802008611E
:102CC0008000086100BF002004F030FC132004F0F5
:102CD0002DFC132004F02AFCF22000904FF08070AD
:102CE0001849086140000861BDF8000016490860F5
:102CF0004FF40000134908618020086180000861DA
:102D000000BF802004F012FC042004F00FFC4020DF
:102D100004F00CFC282004F009FCC12000904FF0C6
:102D200080700849086140000861BDF8000006494C
:102D300008604FF4000003490861802008618000AA
:102D4000086103E0001001400C0C014000BF172097
:102D500004F0ECFB882004F0E9FB882004F0E6FB9B
:102D6000202004F0E3FBE02000904FF080709F49AA
:102D7000086140000861BDF800009D4908604FF4FB
:102D800000009A490861802008618000086100BF46
:102D9000002004F0CBFB0A2004F0C8FB122004F052
:102DA000C5FB102004F0C2FB0E2004F0BFFB202066
:102DB00004F0BCFBCC2004F0B9FB072004F0B6FB08
:102DC000062004F0B3FB0B2004F0B0FB0E2004F04F
:102DD000ADFB0F2004F0AAFB0D2004F0A7FB15208B
:102DE00004F0A4FB102004F0A1FB002004F09EFBE3
:102DF000E12000904FF080707C490861400008613C
:102E0000BDF800007A4908604FF400007749086176
:102E1000802008618000086100BF002004F086FB6C
:102E20000B2004F083FB132004F080FB0D2004F042
:102E30007DFB0E2004F07AFB1B2004F077FB712051
:102E400004F074FB062004F071FB062004F06EFB16
:102E50000A2004F06BFB0F2004F068FB0E2004F046
:102E600065FB0F2004F062FB152004F05FFB0C20D3
:102E700004F05CFB002004F059FB2A2000904FF086
:102E800080705A49086140000861BDF80000584947
:102E900008604FF4000055490861802008618000F7
:102EA000086100BF002004F041FB002004F03EFB5D
:102EB000012004F03BFBDF2004F038FB2B200090C6
:102EC0004FF080704949086140000861BDF800007A
:102ED000474908604FF400004449086180200861B8
:102EE0008000086100BF002004F020FB002004F0F7
:102EF0001DFB032004F01AFB1F2004F017FB3A20EF
:102F000000904FF080703949086140000861BDF8B9
:102F10000000374908604FF4000034490861802000
:102F200008618000086100BF552004F0FFFA3620D8
:102F300000904FF080702D49086140000861BDF895
:102F400000002B4908604FF40000284908618020E8
:102F500008618000086100BF002004F0E7FA11203A
:102F600000904FF080702149086140000861BDF871
:102F700000001F4908604FF400001C4908618020D0
:102F800008618000086100BF7820FFF7C7F829209A
:102F900000904FF080701549086140000861BDF84D
:102FA0000000134908604FF40000104908618020B8
:102FB00008618000086100BF1420FFF7AFF82C20E3
:102FC00000904FF080700949086140000861BDF829
:102FD0000000074908604FF40000044908618020A0
:102FE00008618000086100BF08BD000000100140BA
:102FF0000C0C014008B5ED2000904FF08070FE49A8
:10300000086140000861BDF80000FC4908604FF409
:103010000000F9490861802008618000086100BF54
:10302000012004F083FAFE2004F080FAEE200090E4
:103030004FF08070F049086140000861BDF8000061
:10304000EE4908604FF40000EB49086180200861F8
:103050008000086100BFDE2004F068FA212004F03F
:1030600065FAF12000904FF08070E349086140005C
:103070000861BDF80000E14908604FF40000DE4936
:103080000861802008618000086100BF012004F011
:103090004DFADF2000904FF08070D7490861400062
:1030A0000861BDF80000D54908604FF40000D2491E
:1030B0000861802008618000086100BF102004F0D2
:1030C00035FAC42000904FF08070CB490861400071
:1030D0000861BDF80000C94908604FF40000C64906
:1030E0000861802008618000086100BF8F2004F023
:1030F0001DFAC62000904FF08070BF490861400063
:103100000861BDF80000BD4908604FF40000BA49ED
:103110000861802008618000086100BF002004F081
:1031200005FAE22004F002FAE22004F0FFF9E220BE
:1031300004F0FCF9BF2000904FF08070AE490861A8
:1031400040000861BDF80000AC4908604FF4000081
:10315000A9490861802008618000086100BFAA2099
:1031600004F0E4F9B02000904FF08070A2490861AB
:1031700040000861BDF80000A04908604FF400005D
:103180009D490861802008618000086100BF0D2012
:1031900004F0CCF9002004F0C9F90D2004F0C6F9C0
:1031A000002004F0C3F9112004F0C0F9002004F05D
:1031B000BDF9192004F0BAF9002004F0B7F9212074
:1031C00004F0B4F9002004F0B1F92D2004F0AEF9B8
:1031D000002004F0ABF93D2004F0A8F9002004F031
:1031E000A5F95D2004F0A2F9002004F09FF95D200C
:1031F00004F09CF9002004F099F9B12000904FF000
:1032000080707D49086140000861BDF800007B497D
:1032100008604FF400007849086180200861800050
:10322000086100BF802004F081F9002004F07EF9DD
:103230008B2004F07BF9002004F078F9962004F04C
:1032400075F9002004F072F9B22000904FF0807000
:103250006949086140000861BDF8000067490860DD
:103260004FF4000064490861802008618000086113
:1032700000BF002004F05AF9002004F057F90220A2
:1032800004F054F9002004F051F9032004F04EF941
:10329000002004F04BF9B32000904FF080705649A5
:1032A000086140000861BDF80000544908604FF40F
:1032B000000051490861802008618000086100BF5A
:1032C000002004F033F9002004F030F9002004F06D
:1032D0002DF9002004F02AF9002004F027F900203D
:1032E00004F024F9002004F021F9002004F01EF974
:1032F000002004F01BF9002004F018F9002004F06D
:1033000015F9002004F012F9002004F00FF9002054
:1033100004F00CF9002004F009F9002004F006F98B
:10332000002004F003F9002004F000F9002004F06C
:10333000FDF8002004F0FAF8002004F0F7F800206F
:1033400004F0F4F8002004F0F1F8002004F0EEF8A6
:10335000B42000904FF08070274908614000086158
:10336000BDF80000254908604FF4000022490861BB
:10337000802008618000086100BF8B2004F0D6F82F
:10338000002004F0D3F8962004F0D0F8002004F0D8
:10339000CDF8A12004F0CAF8002004F0C7F8B52049
:1033A00000904FF080701449086140000861BDF83A
:1033B0000000124908604FF400000F4908618020A6
:1033C00008618000086100BF022004F0AFF800200F
:1033D00004F0ACF8032004F0A9F8002004F0A6F8EB
:1033E000042004F0A3F8002004F0A0F8B620009018
:1033F0004FF08070004903E0001001400C0C0140C8
:10340000086140000861BDF80000FE4908604FF403
:103410000000FD490861802008618000086100BF4C
:10342000002004F083F8002004F080F8B72000901A
:103430004FF08070F449086140000861BDF8000059
:10344000F04908604FF40000EF49086180200861EE
:103450008000086100BF002004F068F8002004F03C
:1034600065F83F2004F062F8002004F05FF85E2069
:1034700004F05CF8002004F059F8642004F056F8D9
:10348000002004F053F88C2004F050F8002004F0E1
:103490004DF8AC2004F04AF8002004F047F8DC2096
:1034A00004F044F8002004F041F8702004F03EF8E5
:1034B000002004F03BF8902004F038F8002004F0DD
:1034C00035F8EB2004F032F8002004F02FF8DC206F
:1034D00004F02CF8002004F029F8B82000904FF0F8
:1034E0008070C949086140000861BDF80000C54905
:1034F00008604FF40000C449086180200861800022
:10350000086100BF002004F011F8002004F00EF85C
:10351000002004F00BF8002004F008F8002004F06C
:1035200005F8002004F002F8002003F0FFFF00205F
:1035300003F0FCFFBA2000904FF08070B2490861A0
:1035400040000861BDF80000AE4908604FF400007B
:10355000AD490861802008618000086100BF242017
:1035600003F0E4FF002003F0E1FF002003F0DEFFA2
:10357000002003F0DBFFC12000904FF08070A249D3
:10358000086140000861BDF800009E4908604FF4E2
:1035900000009D490861802008618000086100BF2B
:1035A000202003F0C3FF002003F0C0FF542003F0ED
:1035B000BDFF002003F0BAFFFF2003F0B7FF00209B
:1035C00003F0B4FFC22000904FF080708E49086174
:1035D00040000861BDF800008A4908604FF400000F
:1035E00089490861802008618000086100BF0A20C5
:1035F00003F09CFF002003F099FF042003F096FFE6
:10360000002003F093FFC32000904FF080707E49AC
:10361000086140000861BDF800007A4908604FF475
:10362000000079490861802008618000086100BFBE
:103630003C2003F07BFF002003F078FF3A2003F0EA
:1036400075FF002003F072FF392003F06FFF0020A8
:1036500003F06CFF372003F069FF002003F066FFE2
:103660003C2003F063FF002003F060FF362003F0EE
:103670005DFF002003F05AFF322003F057FF0020C7
:1036800003F054FF2F2003F051FF002003F04EFF02
:103690002C2003F04BFF002003F048FF292003F00B
:1036A00045FF002003F042FF262003F03FFF0020EB
:1036B00003F03CFF242003F039FF002003F036FF25
:1036C000242003F033FF002003F030FF232003F019
:1036D0002DFF002003F02AFF3C2003F027FF0020ED
:1036E00003F024FF362003F021FF002003F01EFF2B
:1036F000322003F01BFF002003F018FF2F2003F0FF
:1037000015FF002003F012FF2C2003F00FFF002014
:1037100003F00CFF292003F009FF002003F006FF4F
:10372000262003F003FF002003F000FF242003F015
:10373000FDFE002003F0FAFE242003F0F7FE002037
:1037400003F0F4FE232003F0F1FE002003F0EEFE70
:10375000C42000904FF080702B4908614000086140
:10376000BDF80000274908604FF4000026490861B1
:10377000802008618000086100BF622003F0D6FE4F
:10378000002003F0D3FE052003F0D0FE002003F05C
:10379000CDFE842003F0CAFE002003F0C7FEF02017
:1037A00003F0C4FE002003F0C1FE182003F0BEFEAB
:1037B000002003F0BBFEA42003F0B8FE002003F0BD
:1037C000B5FE182003F0B2FE002003F0AFFE50203B
:1037D00003F0ACFE002003F0A9FE0C2003F0A6FECF
:1037E000002003F0A3FE172003F0A0FE002003F04A
:1037F0009DFE952003F09AFE002003F097FEF32033
:1038000004E000000C0C01400010014003F08EFEAB
:10381000002003F08BFEE62003F088FE002003F07A
:1038200085FEC52000904FF08070FE490861400081
:103830000861BDF80000FC4908604FF40000F94938
:103840000861802008618000086100BF322003F019
:103850006DFE002003F06AFE442003F067FE0020A6
:1038600003F064FE652003F061FE002003F05EFEBD
:10387000762003F05BFE002003F058FE882003F062
:1038800055FE002003F052FEC62000904FF08070DD
:10389000E449086140000861BDF80000E2490860A1
:1038A0004FF40000DF490861802008618000086152
:1038B00000BF202003F03AFE002003F037FE17205F
:1038C00003F034FE002003F031FE012003F02EFE51
:1038D000002003F02BFEC72000904FF08070D149EC
:1038E000086140000861BDF80000CF4908604FF44E
:1038F0000000CC490861802008618000086100BF99
:10390000002003F013FE002003F010FE002003F05F
:103910000DFE002003F00AFEC82000904FF08070DA
:10392000C049086140000861BDF80000BE49086058
:103930004FF40000BB4908618020086180000861E5
:1039400000BF002003F0F2FD002003F0EFFD002097
:1039500003F0ECFD002003F0E9FDC92000904FF0DA
:103960008070B049086140000861BDF80000AE49B0
:1039700008604FF40000AB490861802008618000B6
:10398000086100BF002003F0D1FD002003F0CEFD50
:10399000002003F0CBFD002003F0C8FD002003F061
:1039A000C5FD002003F0C2FD002003F0BFFD002094
:1039B00003F0BCFD002003F0B9FD002003F0B6FDCC
:1039C000002003F0B3FD002003F0B0FD002003F061
:1039D000ADFD002003F0AAFD002003F0A7FD0020AC
:1039E00003F0A4FDE02000904FF080708D49086145
:1039F00040000861BDF800008B4908604FF40000EA
:103A000088490861802008618000086100BF162095
:103A100003F08CFD002003F089FD1C2003F086FDDF
:103A2000002003F083FD212003F080FD002003F03F
:103A30007DFD362003F07AFD002003F077FD46205F
:103A400003F074FD002003F071FD522003F06EFDC1
:103A5000002003F06BFD642003F068FD002003F0FC
:103A600065FD7A2003F062FD002003F05FFD8B20EE
:103A700003F05CFD002003F059FD992003F056FD92
:103A8000002003F053FDA82003F050FD002003F0B8
:103A90004DFDB92003F04AFD002003F047FDC4208E
:103AA00003F044FD002003F041FDCA2003F03EFD79
:103AB000002003F03BFDD22003F038FD002003F08E
:103AC00035FDD92003F032FD002003F02FFDE0206A
:103AD00003F02CFD002003F029FDF32003F026FD68
:103AE000002003F023FDE12000904FF080704D494D
:103AF000086140000861BDF800004B4908604FF4C0
:103B0000000048490861802008618000086100BF0A
:103B1000162003F00BFD002003F008FD1C2003F02D
:103B200005FD002003F002FD222003F0FFFC002031
:103B300003F0FCFC362003F0F9FC002003F0F6FC57
:103B4000452003F0F3FC002003F0F0FC522003F0CA
:103B5000EDFC002003F0EAFC642003F0E7FC002009
:103B600003F0E4FC7A2003F0E1FC002003F0DEFC2B
:103B70008B2003F0DBFC002003F0D8FC992003F03D
:103B8000D5FC002003F0D2FCA82003F0CFFC0020DD
:103B900003F0CCFCB92003F0C9FC002003F0C6FC04
:103BA000C42003F0C3FC002003F0C0FCCA2003F0D3
:103BB000BDFC002003F0BAFCD22003F0B7FC0020CB
:103BC00003F0B4FCD82003F0B1FC002003F0AEFCFD
:103BD000E02003F0ABFC002003F0A8FCF32003F08E
:103BE000A5FC002003F0A2FCE22000904FF08070C2
:103BF0000C49086140000861BDF800000A490860EE
:103C00004FF40000074908618020086180000861C6
:103C100000BF052003F08AFC002003F087FC0B2086
:103C200004E00000001001400C0C014003F07EFC99
:103C3000002003F07BFC1B2003F078FC002003F045
:103C400075FC342003F072FC002003F06FFC44206C
:103C500003F06CFC002003F069FC4F2003F066FCCD
:103C6000002003F063FC612003F060FC002003F0FF
:103C70005DFC792003F05AFC002003F057FC8820FB
:103C800003F054FC002003F051FC972003F04EFC9D
:103C9000002003F04BFCA62003F048FC002003F0BA
:103CA00045FCB72003F042FC002003F03FFCC2209B
:103CB00003F03CFC002003F039FCC72003F036FC85
:103CC000002003F033FCD12003F030FC002003F08F
:103CD0002DFCD62003F02AFC002003F027FCDD2079
:103CE00003F024FC002003F021FCF32003F01EFC71
:103CF000002003F01BFCE32000904FF08070FE4991
:103D0000086140000861BDF80000FC4908604FF4FC
:103D10000000F9490861802008618000086100BF47
:103D2000052003F003FC002003F000FC0A2003F050
:103D3000FDFB002003F0FAFB1C2003F0F7FB002042
:103D400003F0F4FB332003F0F1FB002003F0EEFB63
:103D5000442003F0EBFB002003F0E8FB502003F0CD
:103D6000E5FB002003F0E2FB622003F0DFFB002014
:103D700003F0DCFB782003F0D9FB002003F0D6FB36
:103D8000882003F0D3FB002003F0D0FB972003F042
:103D9000CDFB002003F0CAFBA62003F0C7FB0020E8
:103DA00003F0C4FBB72003F0C1FB002003F0BEFB0F
:103DB000C22003F0BBFB002003F0B8FBC72003F0D8
:103DC000B5FB002003F0B2FBD12003F0AFFB0020D5
:103DD00003F0ACFBD52003F0A9FB002003F0A6FB09
:103DE000DD2003F0A3FB002003F0A0FBF32003F091
:103DF0009DFB002003F09AFBE42000904FF08070C0
:103E0000BD49086140000861BDF80000BB49086079
:103E10004FF40000B8490861802008618000086103
:103E200000BF012003F082FB002003F07FFB012094
:103E300003F07CFB002003F079FB022003F076FB0B
:103E4000002003F073FB2A2003F070FB002003F036
:103E50006DFB3C2003F06AFB002003F067FB4B2066
:103E600003F064FB002003F061FB5D2003F05EFBC8
:103E7000002003F05BFB742003F058FB002003F0EC
:103E800055FB842003F052FB002003F04FFB9320EE
:103E900003F04CFB002003F049FBA22003F046FB9B
:103EA000002003F043FBB32003F040FB002003F0AD
:103EB0003DFBBE2003F03AFB002003F037FBC4209B
:103EC00003F034FB002003F031FBCD2003F02EFB88
:103ED000002003F02BFBD32003F028FB002003F08D
:103EE00025FBDD2003F022FB002003F01FFBF32065
:103EF00003F01CFB002003F019FBE52000904FF0BD
:103F000080707D49086140000861BDF800007B4970
:103F100008604FF400007849086180200861800043
:103F2000086100BF002003F001FB002003F0FEFA4F
:103F3000002003F0FBFA002003F0F8FA022003F05F
:103F4000F5FA002003F0F2FA292003F0EFFA00203E
:103F500003F0ECFA3C2003F0E9FA002003F0E6FA63
:103F60004B2003F0E3FA002003F0E0FA5D2003F0B9
:103F7000DDFA002003F0DAFA742003F0D7FA00200B
:103F800003F0D4FA842003F0D1FA002003F0CEFA33
:103F9000932003F0CBFA002003F0C8FAA22003F02C
:103FA000C5FA002003F0C2FAB32003F0BFFA0020E4
:103FB00003F0BCFABE2003F0B9FA002003F0B6FA11
:103FC000C42003F0B3FA002003F0B0FACD2003F0D0
:103FD000ADFA002003F0AAFAD32003F0A7FA0020DC
:103FE00003F0A4FADC2003F0A1FA002003F09EFA0B
:103FF000F32003F09BFA002003F098FAE6200090EB
:104000004FF080703C49086140000861BDF8000035
:104010003A4908604FF40000374908618020086180
:104020008000086100BF112003F080FA002003F037
:104030007DFA342003F07AFA002003F077FA562054
:1040400003F074FA002003F071FA762003F06EFAA0
:10405000002003F06BFA772003F068FA002003F0E9
:1040600065FA662003F062FA002003F05FFA882008
:1040700003F05CFA002003F059FA992003F056FA95
:10408000002003F053FABB2003F050FA002003F0A5
:104090004DFA992003F04AFA002003F047FA66200F
:1040A00003F044FA002003F041FA552003F03EFAF1
:1040B000002003F03BFA552003F038FA002003F00B
:1040C00035FA452003F032FA002003F02FFA43209E
:1040D00003F02CFA002003F029FA442003F026FA1A
:1040E000002003F023FAE72000904FF0807002498F
:1040F00008614000086103E0001001400C0C014021
:10410000BDF80000FE4908604FF40000FD49086159
:10411000802008618000086100BF322003F006FAA9
:10412000002003F003FA552003F000FA002003F00A
:10413000FDF9762003F0FAF9002003F0F7F9662084
:1041400003F0F4F9002003F0F1F9672003F0EEF931
:10415000002003F0EBF9672003F0E8F9002003F0FA
:10416000E5F9872003F0E2F9002003F0DFF9992058
:1041700003F0DCF9002003F0D9F9BB2003F0D6F9F5
:10418000002003F0D3F9992003F0D0F9002003F0C8
:10419000CDF9772003F0CAF9002003F0C7F94420D5
:1041A00003F0C4F9002003F0C1F9562003F0BEF972
:1041B000002003F0BBF9232003F0B8F9002003F03E
:1041C000B5F9332003F0B2F9002003F0AFF9452030
:1041D00003F0ACF9002003F0A9F9E82000904FF0BB
:1041E0008070C849086140000861BDF80000C449FA
:1041F00008604FF40000C349086180200861800016
:10420000086100BF002003F091F9002003F08EF94F
:10421000992003F08BF9002003F088F9872003F040
:1042200085F9002003F082F9882003F07FF900204F
:1042300003F07CF9772003F079F9002003F076F998
:10424000662003F073F9002003F070F9882003F072
:104250006DF9002003F06AF9AA2003F067F9002045
:1042600003F064F9BB2003F061F9002003F05EF96C
:10427000992003F05BF9002003F058F9662003F061
:1042800055F9002003F052F9552003F04FF90020B2
:1042900003F04CF9552003F049F9002003F046F9EA
:1042A000442003F043F9002003F040F9442003F0D8
:1042B0003DF9002003F03AF9552003F037F90020CA
:1042C00003F034F9E92000904FF080708D490861C7
:1042D00040000861BDF80000894908604FF4000003
:1042E00088490861802008618000086100BFAA2019
:1042F00003F01CF9002003F019F9002003F016F96F
:10430000002003F013F9002000904FF080707D49E9
:10431000086140000861BDF80000794908604FF469
:10432000000078490861802008618000086100BFB2
:10433000AA2003F0FBF8CF2000904FF08070714965
:10434000086140000861BDF800006D4908604FF445
:1043500000006C490861802008618000086100BF8E
:10436000002003F0E3F8002003F0E0F8002003F061
:10437000DDF8002003F0DAF8002003F0D7F8002081
:1043800003F0D4F8002003F0D1F8002003F0CEF8B9
:10439000002003F0CBF8002003F0C8F8002003F061
:1043A000C5F8002003F0C2F8002003F0BFF8002099
:1043B00003F0BCF8002003F0B9F8002003F0B6F8D1
:1043C000002003F0B3F8F02000904FF080704D49CA
:1043D000086140000861BDF80000494908604FF4D9
:1043E000000048490861802008618000086100BF22
:1043F000002003F09BF8502003F098F8002003F011
:1044000095F8002003F092F8002003F08FF8F320D5
:1044100000904FF080703B49086140000861BDF892
:104420000000374908604FF40000364908618020D9
:1044300008618000086100BF002003F077F8F920D0
:1044400000904FF080702F49086140000861BDF86E
:1044500000002B4908604FF400002A4908618020C1
:1044600008618000086100BF062003F05FF810209B
:1044700003F05CF8292003F059F8002003F056F807
:104480003A2000904FF080701E490861400008619A
:10449000BDF800001A4908604FF40000194908618E
:1044A000802008618000086100BF552003F03EF8BD
:1044B000112000904FF0807012490861400008619F
:1044C000BDF800000E4908604FF400000D49086176
:1044D000802008618000086100BF6420FDF71EFE97
:1044E000292000904FF08070064908614000086163
:1044F000BDF80000024908604FF40000014903E0E4
:104500000C0C01400010014008618020086180000F
:10451000086100BF352000904FF0807008614000B6
:104520000861BDF80000364908604FF400003549C5
:104530000861802008618000086100BF002002F04F
:10454000F5FF512000904FF080702E490861400027
:104550000861BDF800002A4908604FF400002949AD
:104560000861802008618000086100BFFF2002F020
:10457000DDFF532000904FF0807022490861400019
:104580000861BDF800001E4908604FF400001D4995
:104590000861802008618000086100BF2C2002F0C3
:1045A000C5FF552000904FF080701649086140000B
:1045B0000861BDF80000124908604FF4000011497D
:1045C0000861802008618000086100BF822002F03D
:1045D000ADFF2C2000904FF080700A490861400028
:1045E0000861BDF80000064908604FF40000054965
:1045F0000861802008618000086100BF08BD0000DC
:104600000C0C01400010014008B555214FF47040DA
:1046100002F0A0FFAA214FF2010002F09BFF5221FD
:104620004FF2020002F096FF08214FF2030002F061
:1046300091FF01214FF2040002F08CFF0D214FF495
:10464000304002F087FF0D214BF2010002F082FFA3
:104650000D214BF2020002F07DFF34214FF4364071
:1046600002F078FF34214BF2016002F073FF342135
:104670004BF2026002F06EFF0D214FF4314002F068
:1046800069FF0D214BF2011002F064FF0D214BF286
:10469000021002F05FFF34214FF4374002F05AFF5E
:1046A00034214BF2017002F055FF34214BF20270BD
:1046B00002F050FF00214FF4324002F04BFF002186
:1046C0004BF2012002F046FF00214BF2022002F0E3
:1046D00041FF24214FF4384002F03CFF24214BF6E7
:1046E000010002F037FF24214BF6020002F032FFF6
:1046F00001214FF43F4002F02DFF0F214FF43340D2
:1047000002F028FF0F214BF2013002F023FF0F21AE
:104710004BF2023002F01EFF34214FF4394002F018
:1047200019FF34214BF6011002F014FF34214BF62F
:10473000021002F00FFF08214FF4354002F00AFF8B
:1047400008214BF2015002F005FF08214BF2025004
:1047500002F000FF03214FF4424002F0FBFE24214F
:104760004FF43A4002F0F6FE24214BF6012002F00D
:10477000F1FE24214BF6022002F0ECFE00214FF462
:104780003C4002F0E7FE78214BF6014002F0E2FEE9
:1047900000214BF6024002F0DDFE00214FF43D40C7
:1047A00002F0D8FE78214BF6015002F0D3FE002132
:1047B0004BF6025002F0CEFE00214FF43E4002F0D4
:1047C000C9FE64214BF6016002F0C4FE00214FF4E3
:1047D000514002F0BFFE33214DF2011002F0BAFE4B
:1047E00000214DF2021002F0B5FE34214DF203100B
:1047F00002F0B0FE00214DF2041002F0ABFE3A21AF
:104800004DF2051002F0A6FE00214DF2061002F056
:10481000A1FE4A214DF2071002F09CFE00214DF24C
:10482000081002F097FE5C214DF2091002F092FE92
:1048300000214DF20A1002F08DFE81214DF20B1085
:1048400002F088FE00214DF20C1002F083FEA6213A
:104850004DF20D1002F07EFE00214DF20E1002F01E
:1048600079FEE5214DF20F1002F074FE01214DF2A8
:10487000101002F06FFE13214DF2111002F06AFECB
:1048800001214DF2121002F065FE54214DF2131079
:1048900002F060FE01214DF2141002F05BFE822155
:1048A0004DF2151002F056FE01214DF2161002F0E5
:1048B00051FECA214DF2171002F04CFE02214DF2BA
:1048C000181002F047FE00214DF2191002F042FECE
:1048D00002214DF21A1002F03DFE01214DF21B1093
:1048E00002F038FE02214DF21C1002F033FE34219A
:1048F0004DF21D1002F02EFE02214DF21E1002F0AC
:1049000029FE67214DF21F1002F024FE02214DF214
:10491000201002F01FFE84214DF2211002F01AFE39
:1049200002214DF2221002F015FEA4214DF22310B7
:1049300002F010FE02214DF2241002F00BFEB7210E
:104940004DF2251002F006FE02214DF2261002F073
:1049500001FECF214DF2271002F0FCFD02214DF2A5
:10496000281002F0F7FDDE214DF2291002F0F2FDD1
:1049700002214DF22A1002F0EDFDF2214DF22B1032
:1049800002F0E8FD02214DF22C1002F0E3FDFE21C1
:104990004DF22D1002F0DEFD03214DF22E1002F03B
:1049A000D9FD10214DF22F1002F0D4FD03214DF25C
:1049B000301002F0CFFD33214DF2311002F0CAFD6C
:1049C00003214DF2321002F0C5FD6D214DF233107E
:1049D00002F0C0FD00214FF4524002F0BBFD332134
:1049E0004DF2012002F0B6FD00214DF2022002F04E
:1049F000B1FD34214DF2032002F0ACFD00214DF257
:104A0000042002F0A7FD3A214DF2052002F0A2FD9C
:104A100000214DF2062002F09DFD4A214DF20720B3
:104A200002F098FD00214DF2082002F093FD5C2178
:104A30004DF2092002F08EFD00214DF20A2002F015
:104A400089FD81214DF20B2002F084FD00214DF201
:104A50000C2002F07FFDA6214DF20D2002F07AFD20
:104A600000214DF20E2002F075FDE5214DF20F20E0
:104A700002F070FD01214DF2102002F06BFD1321B8
:104A80004DF2112002F066FD01214DF2122002F0DC
:104A900061FD54214DF2132002F05CFD01214DF225
:104AA000142002F057FD82214DF2152002F052FD34
:104AB00001214DF2162002F04DFDCA214DF21720C2
:104AC00002F048FD02214DF2182002F043FD0021C2
:104AD0004DF2192002F03EFD02214DF21A2002F0A3
:104AE00039FD01214DF21B2002F034FD02214DF26F
:104AF0001C2002F02FFD34214DF21D2002F02AFD72
:104B000002214DF21E2002F025FD67214DF21F20EB
:104B100002F020FD02214DF2202002F01BFD842135
:104B20004DF2212002F016FD02214DF2222002F06A
:104B300011FDA4214DF2232002F00CFD02214DF2C3
:104B4000242002F007FDB7214DF2252002F002FDDE
:104B500002214DF2262002F0FDFCCF214DF227204C
:104B600002F0F8FC02214DF2282002F0F3FCDE21D5
:104B70004DF2292002F0EEFC02214DF22A2002F033
:104B8000E9FCF2214DF22B2002F0E4FC02214DF26F
:104B90002C2002F0DFFCFE214DF22D2002F0DAFC89
:104BA00003214DF22E2002F0D5FC10214DF22F20D2
:104BB00002F0D0FC03214DF2302002F0CBFC332177
:104BC0004DF2312002F0C6FC03214DF2322002F0FA
:104BD000C1FC6D214DF2332002F0BCFC00214FF4EA
:104BE000534002F0B7FC33214DF2013002F0B2FC29
:104BF00000214DF2023002F0ADFC34214DF20330C1
:104C000002F0A8FC00214DF2043002F0A3FC3A218E
:104C10004DF2053002F09EFC00214DF2063002F00C
:104C200099FC4A214DF2073002F094FC00214DF22C
:104C3000083002F08FFC5C214DF2093002F08AFC52
:104C400000214DF20A3002F085FC81214DF20B303B
:104C500002F080FC00214DF20C3002F07BFCA6211A
:104C60004DF20D3002F076FC00214DF20E3002F0D4
:104C700071FCE5214DF20F3002F06CFC01214DF288
:104C8000103002F067FC13214DF2113002F062FC8B
:104C900001214DF2123002F05DFC54214DF213302F
:104CA00002F058FC01214DF2143002F053FC822135
:104CB0004DF2153002F04EFC01214DF2163002F09B
:104CC00049FCCA214DF2173002F044FC02214DF29A
:104CD000183002F03FFC00214DF2193002F03AFC8E
:104CE00002214DF21A3002F035FC01214DF21B3049
:104CF00002F030FC02214DF21C3002F02BFC34217A
:104D00004DF21D3002F026FC02214DF21E3002F061
:104D100021FC67214DF21F3002F01CFC02214DF2F4
:104D2000203002F017FC84214DF2213002F012FCF9
:104D300002214DF2223002F00DFCA4214DF223306D
:104D400002F008FC02214DF2243002F003FCB721EE
:104D50004DF2253002F0FEFB02214DF2263002F02A
:104D6000F9FBCF214DF2273002F0F4FB02214DF286
:104D7000283002F0EFFBDE214DF2293002F0EAFB91
:104D800002214DF22A3002F0E5FBF2214DF22B30E8
:104D900002F0E0FB02214DF22C3002F0DBFBFE21A1
:104DA0004DF22D3002F0D6FB03214DF22E3002F0F1
:104DB000D1FB10214DF22F3002F0CCFB03214DF23C
:104DC000303002F0C7FB33214DF2313002F0C2FB2C
:104DD00003214DF2323002F0BDFB6D214DF2333034
:104DE00002F0B8FB00214FF4544002F0B3FB332132
:104DF0004DF2014002F0AEFB00214DF2024002F004
:104E0000A9FB34214DF2034002F0A4FB00214DF236
:104E1000044002F09FFB3A214DF2054002F09AFB5C
:104E200000214DF2064002F095FB4A214DF2074069
:104E300002F090FB00214DF2084002F08BFB5C2158
:104E40004DF2094002F086FB00214DF20A4002F0CB
:104E500081FB81214DF20B4002F07CFB00214DF2E1
:104E60000C4002F077FBA6214DF20D4002F072FBE0
:104E700000214DF20E4002F06DFBE5214DF20F4096
:104E800002F068FB01214DF2104002F063FB132198
:104E90004DF2114002F05EFB01214DF2124002F092
:104EA00059FB54214DF2134002F054FB01214DF205
:104EB000144002F04FFB82214DF2154002F04AFBF4
:104EC00001214DF2164002F045FBCA214DF2174078
:104ED00002F040FB02214DF2184002F03BFB0021A2
:104EE0004DF2194002F036FB02214DF21A4002F059
:104EF00031FB01214DF21B4002F02CFB02214DF24F
:104F00001C4002F027FB34214DF21D4002F022FB31
:104F100002214DF21E4002F01DFB67214DF21F40A1
:104F200002F018FB02214DF2204002F013FB842115
:104F30004DF2214002F00EFB02214DF2224002F020
:104F400009FBA4214DF2234002F004FB02214DF2A3
:104F5000244002F0FFFAB7214DF2254002F0FAFAA0
:104F600002214DF2264002F0F5FACF214DF2274002
:104F700002F0F0FA02214DF2284002F0EBFADE21B5
:104F80004DF2294002F0E6FA02214DF22A4002F0E9
:104F9000E1FAF2214DF22B4002F0DCFA02214DF24F
:104FA0002C4002F0D7FAFE214DF22D4002F0D2FA49
:104FB00003214DF22E4002F0CDFA10214DF22F4088
:104FC00002F0C8FA03214DF2304002F0C3FA332157
:104FD0004DF2314002F0BEFA03214DF2324002F0B0
:104FE000B9FA6D214DF2334002F0B4FA00214FF4CA
:104FF000554002F0AFFA33214DF2015002F0AAFA07
:1050000000214DF2025002F0A5FA34214DF2035076
:1050100002F0A0FA00214DF2045002F09BFA3A216E
:105020004DF2055002F096FA00214DF2065002F0C2
:1050300091FA4A214DF2075002F08CFA00214DF20C
:10504000085002F087FA5C214DF2095002F082FA12
:1050500000214DF20A5002F07DFA81214DF20B50F1
:1050600002F078FA00214DF20C5002F073FAA621FA
:105070004DF20D5002F06EFA00214DF20E5002F08A
:1050800069FAE5214DF20F5002F064FA01214DF268
:10509000105002F05FFA13214DF2115002F05AFA4B
:1050A00001214DF2125002F055FA54214DF21350E5
:1050B00002F050FA01214DF2145002F04BFA822115
:1050C0004DF2155002F046FA01214DF2165002F051
:1050D00041FACA214DF2175002F03CFA02214DF27A
:1050E000185002F037FA00214DF2195002F032FA4E
:1050F00002214DF21A5002F02DFA01214DF21B50FF
:1051000002F028FA02214DF21C5002F023FA342159
:105110004DF21D5002F01EFA02214DF21E5002F017
:1051200019FA67214DF21F5002F014FA02214DF2D4
:10513000205002F00FFA84214DF2215002F00AFAB9
:1051400002214DF2225002F005FAA4214DF2235023
:1051500002F000FA02214DF2245002F0FBF9B721CF
:105160004DF2255002F0F6F902214DF2265002F0E0
:10517000F1F9CF214DF2275002F0ECF902214DF266
:10518000285002F0E7F9DE214DF2295002F0E2F951
:1051900002214DF22A5002F0DDF9F2214DF22B509E
:1051A00002F0D8F902214DF22C5002F0D3F9FE2181
:1051B0004DF22D5002F0CEF903214DF22E5002F0A7
:1051C000C9F910214DF22F5002F0C4F903214DF21C
:1051D000305002F0BFF933214DF2315002F0BAF9EC
:1051E00003214DF2325002F0B5F96D214DF23350EA
:1051F00002F0B0F900214FF4564002F0ABF9332130
:105200004DF2016002F0A6F900214DF2026002F0B9
:10521000A1F934214DF2036002F09CF900214DF216
:10522000046002F097F93A214DF2056002F092F91C
:1052300000214DF2066002F08DF94A214DF207601F
:1052400002F088F900214DF2086002F083F95C2138
:105250004DF2096002F07EF900214DF20A6002F081
:1052600079F981214DF20B6002F074F900214DF2C1
:105270000C6002F06FF9A6214DF20D6002F06AF9A0
:1052800000214DF20E6002F065F9E5214DF20F604C
:1052900002F060F901214DF2106002F05BF9132178
:1052A0004DF2116002F056F901214DF2126002F048
:1052B00051F954214DF2136002F04CF901214DF2E5
:1052C000146002F047F982214DF2156002F042F9B4
:1052D00001214DF2166002F03DF9CA214DF217602E
:1052E00002F038F902214DF2186002F033F9002182
:1052F0004DF2196002F02EF902214DF21A6002F00F
:1053000029F901214DF21B6002F024F902214DF22E
:105310001C6002F01FF934214DF21D6002F01AF9F1
:1053200002214DF21E6002F015F967214DF21F6057
:1053300002F010F902214DF2206002F00BF98421F5
:105340004DF2216002F006F902214DF2226002F0D6
:1053500001F9A4214DF2236002F0FCF802214DF284
:10536000246002F0F7F8B7214DF2256002F0F2F860
:1053700002214DF2266002F0EDF8CF214DF22760B8
:1053800002F0E8F802214DF2286002F0E3F8DE2195
:105390004DF2296002F0DEF802214DF22A6002F09F
:1053A000D9F8F2214DF22B6002F0D4F802214DF22F
:1053B0002C6002F0CFF8FE214DF22D6002F0CAF809
:1053C00003214DF22E6002F0C5F810214DF22F603E
:1053D00002F0C0F803214DF2306002F0BBF8332137
:1053E0004DF2316002F0B6F803214DF2326002F066
:1053F000B1F86D214DF2336002F0ACF855214FF455
:10540000704002F0A7F8AA214FF2010002F0A2F8C2
:1054100052214FF2020002F09DF808214FF20300E2
:1054200002F098F800214FF2040002F093F8CC212A
:105430004FF4314002F08EF800214BF2011002F0DF
:1054400089F805214FF4364002F084F870214FF4BA
:10545000374002F07FF870214BF2017002F07AF8C9
:1054600001214FF4384002F075F803214BF601009A
:1054700002F070F803214BF6020002F06BF80321F2
:105480004BF6030002F066F802214FF43C4002F0B4
:1054900061F800214BF6014002F05CF800214BF668
:1054A000024002F057F8D0214FF4494002F052F880
:1054B00002214CF6011002F04DF850214CF602107A
:1054C00002F048F850214CF6031002F043F8502146
:1054D0004CF6041002F03EF800214FF4545002F054
:1054E00039F855214FF4685002F034F84FF48850E1
:1054F00000904FF080701549086140000861BDF8C8
:105500000000134908604FF4000010490861802032
:1055100008618000086100BF7820FCF709FE4FF4A5
:10552000245000904FF080700849086140000861E5
:10553000BDF80000064908604FF400000349086107
:10554000802008618000086100BF08BD0010014094
:105550000C0C014008B5E22000904FF08070D64955
:10556000086140000861BDF80000D44908604FF4AC
:105570000000D1490861802008618000086100BFF7
:105580001D2001F0D3FF022001F0D0FF042001F024
:10559000CDFF6420FCF7CCFDE02000904FF0807040
:1055A000C549086140000861BDF80000C3490860B2
:1055B0004FF40000C0490861802008618000086144
:1055C00000BF012001F0B2FF0A20FCF7A7FDE02098
:1055D00000904FF08070B849086140000861BDF844
:1055E0000000B64908604FF40000B349086180200C
:1055F00008618000086100BF032001F097FF0C20C4
:10560000FCF78CFD012000900006AB4908614000CA
:105610000861BDF80000A94908604FF40000A649E0
:105620000861802008618000086100BF0A20FCF743
:1056300075FDE62000904FF080709F4908614000A2
:105640000861BDF800009D4908604FF400009A49C8
:105650000861802008618000086100BF2F2001F0F0
:1056600065FFFF2001F062FFFF2001F05FFFB02027
:1056700000904FF080709049086140000861BDF8CB
:1056800000008E4908604FF400008B4908618020BB
:1056900008618000086100BF202001F047FF002062
:1056A00001F044FF032001F041FF40F21F3001F000
:1056B0003DFF012001F03AFF40F2DF1001F036FF1C
:1056C000002001F033FFB42000904FF080707A4941
:1056D000086140000861BDF80000784908604FF497
:1056E000000075490861802008618000086100BFE2
:1056F000042001F01BFF40F21F4001F017FF0020C3
:1057000001F014FF2E2001F011FF002001F00EFF28
:10571000002001F00BFF002001F008FF002001F045
:1057200005FFB62000904FF080706349086140008B
:105730000861BDF80000614908604FF400005E494F
:105740000861802008618000086100BF022001F02C
:10575000EDFE4FF4037001F0E9FE002001F0E6FEDB
:10576000172001F0E3FE152001F0E0FE002001F01B
:10577000DDFE002001F0DAFEF02000904FF0807096
:105780004D49086140000861BDF800004B490860C0
:105790004FF40000484908618020086180000861DA
:1057A00000BF032001F0C2FE292000904FF080705E
:1057B0004149086140000861BDF800003F490860A8
:1057C0004FF400003C4908618020086180000861B6
:1057D00000BFD02000904FF0807008614000086149
:1057E000BDF80000354908604FF4000032490861F7
:1057F000802008618000086100BF002001F096FE53
:10580000BE2000904FF080702B4908614000086175
:10581000BDF80000294908604FF4000026490861DE
:10582000802008618000086100BF052001F07EFE35
:10583000FE2001F07BFE012001F078FE002001F047
:1058400075FE002001F072FE002001F06FFEB8200E
:1058500000904FF080701849086140000861BDF861
:105860000000164908604FF40000134908618020C9
:1058700008618000086100BF032001F057FE01208D
:1058800001F054FEBA2000904FF080700A49086180
:1058900040000861BDF80000084908604FF40000AE
:1058A00005490861802008618000086100BF01206F
:1058B00001F03CFE08BD0000001001400C0C01404E
:1058C00008B5112000904FF08070FE49086140003B
:1058D0000861BDF80000FC4908604FF40000F94978
:1058E0000861802008618000086100BF7820FCF713
:1058F00015FC362000904FF08070F249086140009E
:105900000861BDF80000F04908604FF40000ED495F
:105910000861802008618000086100BF002001F05C
:1059200005FE3A2000904FF08070E6490861400083
:105930000861BDF80000E44908604FF40000E14947
:105940000861802008618000086100BF052001F027
:10595000EDFDB22000904FF08070DA490861400000
:105960000861BDF80000D84908604FF40000D5492F
:105970000861802008618000086100BF0C2001F0F0
:10598000D5FD0C2001F0D2FD002001F0CFFD332029
:1059900001F0CCFD332001F0C9FDB72000904FF09D
:1059A0008070C849086140000861BDF80000C64920
:1059B00008604FF40000C34908618020086180003E
:1059C000086100BF352001F0B1FDBB2000904FF011
:1059D0008070BC49086140000861BDF80000BA4908
:1059E00008604FF40000B74908618020086180001A
:1059F000086100BF322001F099FDC02000904FF0F7
:105A00008070B049086140000861BDF80000AE49EF
:105A100008604FF40000AB490861802008618000F5
:105A2000086100BF0C2001F081FDC22000904FF002
:105A30008070A449086140000861BDF80000A249D7
:105A400008604FF400009F490861802008618000D1
:105A5000086100BF012001F069FDC32000904FF0F4
:105A600080709849086140000861BDF800009649BF
:105A700008604FF4000093490861802008618000AD
:105A8000086100BF102001F051FDC42000904FF0CC
:105A900080708C49086140000861BDF800008A49A7
:105AA00008604FF400008749086180200861800089
:105AB000086100BF202001F039FDC62000904FF0A2
:105AC00080708049086140000861BDF800007E498F
:105AD00008604FF400007B49086180200861800065
:105AE000086100BF0F2001F021FDD02000904FF091
:105AF00080707449086140000861BDF80000724977
:105B000008604FF400006F49086180200861800040
:105B1000086100BFA42001F009FDA12001F006FDED
:105B2000E02000904FF080706649086140000861F5
:105B3000BDF80000644908604FF400006149086145
:105B4000802008618000086100BFD02001F0EEFCD9
:105B5000002001F0EBFC022001F0E8FC072001F03E
:105B6000E5FC0A2001F0E2FC282001F0DFFC3220F5
:105B700001F0DCFC442001F0D9FC422001F0D6FC0D
:105B8000062001F0D3FC0E2001F0D0FC122001F021
:105B9000CDFC142001F0CAFC172001F0C7FCE12065
:105BA00000904FF080704749086140000861BDF8DF
:105BB0000000454908604FF4000042490861802018
:105BC00008618000086100BFD02001F0AFFC002018
:105BD00001F0ACFC022001F0A9FC072001F0A6FCBA
:105BE0000A2001F0A3FC282001F0A0FC312001F0E4
:105BF0009DFC542001F09AFC472001F097FC0E20F8
:105C000001F094FC1C2001F091FC172001F08EFCA7
:105C10001B2001F08BFC1E2001F088FC2A20009044
:105C20004FF080702749086140000861BDF800000E
:105C3000254908604FF4000022490861802008616E
:105C40008000086100BF002001F070FC002001F01E
:105C50006DFC002001F06AFCEF2001F067FC2B20B6
:105C600000904FF080701749086140000861BDF84E
:105C70000000154908604FF40000124908618020B7
:105C800008618000086100BF002001F04FFC002087
:105C900001F04CFC012001F049FC3F2001F046FCE2
:105CA000292000904FF0807006490861400008618B
:105CB000BDF80000044908604FF400000149086184
:105CC000802003E0001001400C0C014008618000BE
:105CD000086100BF08BD000008B5112000904FF01A
:105CE0008070FE49086140000861BDF80000FC4971
:105CF00008604FF40000F9490861802008618000C5
:105D0000086100BF7820FCF709FA362000904FF0B8
:105D10008070F249086140000861BDF80000F04958
:105D200008604FF40000ED490861802008618000A0
:105D3000086100BF482001F0F9FB3A2000904FF0C5
:105D40008070E649086140000861BDF80000E44940
:105D500008604FF40000E14908618020086180007C
:105D6000086100BF552001F0E1FBF02000904FF0EA
:105D70008070DA49086140000861BDF80000D84928
:105D800008604FF40000D549086180200861800058
:105D9000086100BFC32001F0C9FBF02000904FF064
:105DA0008070CE49086140000861BDF80000CC4910
:105DB00008604FF40000C949086180200861800034
:105DC000086100BF962001F0B1FBB42000904FF0B5
:105DD0008070C249086140000861BDF80000C049F8
:105DE00008604FF40000BD49086180200861800010
:105DF000086100BF012001F099FBB62000904FF030
:105E00008070B649086140000861BDF80000B449DF
:105E100008604FF40000B1490861802008618000EB
:105E2000086100BF0A2001F081FBA22001F07EFB87
:105E3000B72000904FF08070A849086140000861C9
:105E4000BDF80000A64908604FF40000A3490861AE
:105E5000802008618000086100BFC62001F066FB59
:105E6000B92000904FF080709C49086140000861A3
:105E7000BDF800009A4908604FF400009749086196
:105E8000802008618000086100BF022001F04EFB05
:105E9000E02001F04BFBC02000904FF080708F4954
:105EA000086140000861BDF800008D4908604FF4AA
:105EB00000008A490861802008618000086100BFF5
:105EC000802001F033FB162001F030FBC120009050
:105ED0004FF080708149086140000861BDF8000002
:105EE0007F4908604FF400007C4908618020086108
:105EF0008000086100BF192001F018FBC22000904B
:105F00004FF080707549086140000861BDF80000DD
:105F1000734908604FF400007049086180200861EF
:105F20008000086100BFA72001F000FBC5200090A1
:105F30004FF080706949086140000861BDF80000B9
:105F4000674908604FF400006449086180200861D7
:105F50008000086100BF162001F0E8FAE8200090F8
:105F60004FF080705D49086140000861BDF8000095
:105F70005B4908604FF400005849086180200861BF
:105F80008000086100BF402001F0D0FA8A2001F0B3
:105F9000CDFA002001F0CAFA002001F0C7FA29204A
:105FA00001F0C4FA192001F0C1FAA52001F0BEFAEF
:105FB000332001F0BBFAE02000904FF08070474999
:105FC000086140000861BDF80000454908604FF4D1
:105FD000000042490861802008618000086100BF1C
:105FE000F02001F0A3FA072001F0A0FA0D2001F043
:105FF0009DFA042001F09AFA052001F097FA142086
:1060000001F094FA362001F091FA542001F08EFA52
:106010004C2001F08BFA382001F088FA132001F0AF
:1060200085FA142001F082FA2E2001F07FFA342044
:1060300001F07CFAE12000904FF080702749086160
:1060400040000861BDF80000254908604FF40000D9
:1060500022490861802008618000086100BFF020AB
:1060600001F064FA102001F061FA142001F05EFAE8
:106070000E2001F05BFA0C2001F058FA082001F024
:1060800055FA352001F052FA442001F04FFA4C2025
:1060900001F04CFA262001F049FA102001F046FAEE
:1060A000122001F043FA2C2001F040FA322001F0D6
:1060B0003DFAF02000904FF08070084908614000E0
:1060C0000861BDF80000064908604FF4000003496C
:1060D0000861802008618000086103E00010014031
:1060E0000C0C014000BF3C2001F020FAF020009091
:1060F0004FF080702049086140000861BDF8000041
:106100001E4908604FF400001B49086180200861A7
:106110008000086100BF692001F008FA7820FBF7D1
:10612000FDFF212000904FF080701349086140006E
:106130000861BDF80000114908604FF400000E49E5
:106140000861802008618000086100BF292000905C
:106150004FF08070086140000861BDF800000749F9
:1061600008604FF400000449086180200861800045
:10617000086100BF08BD0000001001400C0C014088
:106180002DE9F84F05460E4617469846DDF828A03B
:106190004FF0000B781B401C1FFA80FB344636E0A2
:1061A0002146284600F0F4FD00BF1B4800890090FE
:1061B0004FF080701949086140000861BDF8000087
:1061C000174908604FF400001449086180200861F5
:1061D0008000086100BF00BF4FF0000913E04FF4DA
:1061E00080700E490861400408610D48C0F800A0A5
:1061F0004FF400000861802008618000086109F107
:1062000001001FFA80F9D945E9DB601C84B24445DE
:10621000C6DDBDE8F88F0000380100200010014005
:106220000C0C014000B585B000BF00BFFE4880697E
:1062300040F01000FC4988610846806900F01000B9
:10624000009000BF00BF00BF00BF00BF08468069CC
:1062500040F0100088610846806900F0100000904E
:1062600000BF00BF00BF00BF00BF0846806940F00C
:10627000100088610846806900F01000009000BF9F
:1062800000BF00BF00BF00BF0846806940F010009B
:1062900088610846806900F01000009000BF00BFD0
:1062A00000BF00BF00BF0846806940F01000886151
:1062B0000846806900F01000009000BF00BF00BFDA
:1062C00000BF00BF0846806940F0080088610846AA
:1062D000806900F00800009000BF00BF00BF00BF51
:1062E0000846806940F0010088610846806900F036
:1062F0000100009000BF00BF00BFCC49486820F0FB
:10630000E06040F00070486000BF08150190012077
:10631000029003900320049001A9C548FAF7A4F95C
:106320004FF400700190012002900390032004902C
:1063300001A9BF48FAF798F98020019001A9BC484B
:10634000FAF792F94020019001A9B948FAF78CF9BF
:106350004FF48070019001A9B548FAF785F94FF61E
:10636000FF7001900120029001A9B248FAF77CF970
:106370008020AF49086140200861C00008614010DA
:1063800008614FF6FF70AB490C310860AA4800F075
:1063900021FAD32000904FF08070A5490861400099
:1063A0000861BDF80000A3490C3108604FF40000FB
:1063B0009F490861802008618000086100BF00F0EB
:1063C0001BFA9E49888000F017FA9C49888000F0EB
:1063D00013FA9A498880084680884FF6FF7101EACF
:1063E00000209649888000F007FA9449898808437C
:1063F000924988800846808849F2413188427DD0A0
:106400000420009080058A49086140000861BDF8B9
:10641000000088490C3108604FF40000844908618D
:10642000802008618000086100BF00F0E5F9834921
:10643000888000F0E1F98149888000F0DDF97F492A
:106440008880084680884FF6FF7101EA00207B496A
:10645000888000F0D1F97949898808437749888094
:106460000846808848F25251884203D147F2897029
:10647000724988807148808847F289718842BED00D
:10648000D42000904FF08070694908614000086195
:10649000BDF8000067490C3108604FF40000644902
:1064A0000861802008618000086100BF00F0A4F945
:1064B0006249888000F0A0F96049888000F09CF96A
:1064C0005E498880084680884FF6FF7101EA002007
:1064D0005A49888000F090F95849898808435749FB
:1064E00088800846808845F21031884287D0D320C2
:1064F00000904FF080704E49086100E00BE14000D1
:106500000861BDF800004B490C3108604FF40000F1
:1065100047490861802008618000086100BF00F0E1
:106520006BF94649888000F067F94449888000F09B
:1065300063F942498880084680884FF6FF7101EA76
:1065400000203E49888000F057F93C49898808437B
:106550003A4988800846808847F2967188428ED0F2
:1065600055214FF4704000F0F5FFAA214FF20100D1
:1065700000F0F0FF52214FF2020000F0EBFF082183
:106580004FF2030000F0E6FF01214FF2040000F09B
:10659000E1FF4FF4454000904FF0807024490861BE
:1065A00040000861BDF8000022490C3108604FF43A
:1065B00000001F490861802008618000086100BF59
:1065C00000F01AF91D498880084680884FF6FF714F
:1065D00001EA0020194988804CF201500090000621
:1065E0001349086140000861BDF8000011490C31F1
:1065F00008604FF400000E490861802008618000A7
:10660000086100BF00F0F8F80C49898808430B497D
:1066100088800520FBF782FD0848808845F21051EC
:10662000884278D0D3200BE00010024000000140E7
:1066300000100140000C0140FFFF01003801002064
:1066400000904FF080705D49086140000861BDF81E
:1066500000005B4908604FF4000058490861802041
:1066600008618000086100BF00F0C6F855498880C5
:1066700000F0C2F85349888000F0BEF85149888084
:10668000084680884FF6FF7101EA00204D49888056
:1066900000F0B2F84B49898808434A498880084687
:1066A000808849F60601884235D0A12000904FF03D
:1066B00080704249086140000861BDF8000040490F
:1066C00008604FF400003D490861802008618000A7
:1066D000086100BF00F090F83A49888000F08CF81B
:1066E00038498880084680884FF6FF7101EA00200B
:1066F0003449888000F080F832498988084331495C
:1067000088800846808845F26171884203D141F64D
:1067100063102C4988802B4881882BA0F9F77CFDD9
:106720002848808847F28971884202D1FFF7C8F86B
:1067300037E02448808849F24131884202D1FBF792
:1067400053FE2EE01F48808845F21031884202D166
:10675000FCF750FC25E01B48808847F29671884280
:1067600002D1FFF7B9FA1CE01648808845F21051B3
:10677000884202D1FDF748FF13E01248808849F6AD
:106780000601884202D1FCF7DBF80AE00D48808858
:1067900041F66311884204D1FEF7DCFE642000F06C
:1067A00041FE0020FBF736FD4FF48060034908618D
:1067B0004FF6FF70FBF7EEFC05B000BD0010014086
:1067C0000C0C0140380100204C43442049443A2538
:1067D000780D0A0000BF011EA0F10100FBD1704737
:1067E00010B50246012000E050430B1EA1F1010448
:1067F000E1B2F9D110BD000000B585B04FF6FF70D1
:10680000009000200190012002900320039069462F
:106810001348F9F729FF4FF48070124908614004CA
:106820000861C01008610220FFF7D4FF0C4808304F
:10683000006880B2049040200A490861C0000861E5
:106840004FF6FF700090012001900290032003900A
:1068500069460348F9F708FFBDF8100005B000BD10
:10686000000C014000100140F8B505460024002747
:10687000FE488079012805D1FC48808841F66311E3
:10688000884208D1F9488079F0B9F848808841F603
:106890006311884218D1082D15D2DFE805F00406EF
:1068A000080A0C0E101206250DE007250BE0042542
:1068B00009E0052507E0012505E0002503E00325A3
:1068C00001E0022500BF00BF082D1CD2DFE805F063
:1068D0000406090C0F12151800BF14E044F08004E0
:1068E00011E044F040040EE044F0C0040BE044F03A
:1068F000200408E044F0600405E044F0A00402E055
:1069000044F0E00400BF00BF3627D848808845F235
:106910001051884200D13F02D448808849F2413169
:1069200088420BD0D148808847F28971884205D0CF
:10693000CE48808847F29671884201D144F008041D
:106940002146384600F006FEC848808841F66311AB
:1069500088421DD004F0200068B1C4480088C349B3
:106960004988884214DAC14806884088BF490880AF
:10697000084646800CE0BD480088BC4949888842EA
:1069800006DDBA4806884088B8490880084646802F
:10699000B648808845F2105188427DD1B34840897D
:1069A00000904FF08070B249086140000861BDF866
:1069B0000000B04908604FF40000AD490861802034
:1069C00008618000086100BF401008614004086150
:1069D0000020A84908604FF40000A5490861802004
:1069E000086180000861A1484089401C80B2009085
:1069F0004FF08070086140000861BDF800009D49BB
:106A000008604FF400009A49086180200861800006
:106A1000086100BF401008614004086100209549EA
:106A200008604FF4000092490861802008618000EE
:106A300008618E484089801C80B200904FF08070C1
:106A4000086140000861BDF800008A4908604FF401
:106A5000000087490861802008618000086100BF4C
:106A6000401008614004086180480088401E001200
:106A7000804908604FF400007D490861802008616A
:106A80008000086179484089C01C80B200904FF0B6
:106A900080700861400000E0BCE00861BDF80000C3
:106AA000744908604FF40000714908618020086152
:106AB0008000086100BF40100861400408616B4815
:106AC0000078401EC0B26B4908604FF4000068496E
:106AD0000861802008618000086164488089009016
:106AE0004FF08070086140000861BDF80000614906
:106AF00008604FF400005E49086180200861800052
:106B0000086100BF40100861400408610020594935
:106B100008604FF400005649086180200861800039
:106B2000086152488089401C80B200904FF080700C
:106B3000086140000861BDF800004E4908604FF44C
:106B400000004B490861802008618000086100BF97
:106B500040100861400408610020464908604FF475
:106B600000004349086180200861800008613F48B7
:106B70008089801C80B200904FF0807008614000D6
:106B80000861BDF800003B4908604FF40000384937
:106B90000861802008618000086100BF4010086122
:106BA0004004086131484088401E001231490860A5
:106BB0004FF400002E4908618020086180000861C0
:106BC0002A488089C01C80B200904FF08070086114
:106BD00040000861BDF80000264908604FF400003D
:106BE00023490861802008618000086100BF4010CF
:106BF0000861400408611D488078401EC0B21D49EC
:106C000008604FF400001A49086180200861800084
:106C10000861B5E01548408900904FF08070144934
:106C2000086140000861BDF80000124908604FF497
:106C300000000F490861802008618000086100BFE2
:106C4000401008614004086100200A4908604FF4C0
:106C50000000074908618020086180000861401039
:106C60000861400408610020024905E03801002065
:106C7000001001400C0C014008604FF40000414935
:106C800008618020086180000861401008614004AC
:106C900008613D480088401E00123C4908604FF4DE
:106CA00000003849086180200861800008614010B8
:106CB00008614004086134480078401EC0B233497E
:106CC00008604FF400002F490861802008618000AF
:106CD00008612D48808900904FF080700861400065
:106CE0000861BDF80000294908604FF400002549FB
:106CF0000861802008618000086100BF40100861C1
:106D0000400408610020214908604FF400001D493B
:106D1000086180200861800008614010086140041B
:106D200008610020194908604FF400001549086106
:106D300080200861800008614010086140040861FB
:106D400011484088401E0012104908604FF40000AE
:106D50000C490861802008618000086140100861CA
:106D60004004086108488078401EC0B207490860A6
:106D70004FF4000003490861802008618000086129
:106D8000F8BD000000100140380100200C0C01404B
:106D900008B5FE4A928841F663139A427ED1FB4AB7
:106DA0009279002A57D1F94A1288521E121A90B2CB
:106DB000F64A528900924FF08072F54B1A615200E8
:106DC0001A61BDF80020F34B1A604FF40002F04B3B
:106DD0001A6180221A6192001A6100BF52101A6172
:106DE00052041A610022EB4B1A604FF40002E84B88
:106DF0001A6180221A6192001A6152101A615204BB
:106E00001A610022E34B1A604FF40002E04B1A6152
:106E100080221A6192001A6152101A6152041A619A
:106E20000212DC4B1A604FF40002D94B1A61802227
:106E30001A6192001A6152101A6152041A61C2B2A8
:106E4000D44B1A604FF40002D14B1A6180221A61B0
:106E500092001A6159E0CD4A528900924FF0807237
:106E6000CB4B1A6152001A61BDF80020C94B1A6061
:106E70004FF40002C64B1A6180221A6192001A6117
:106E800000BF52101A6152041A610212C14B1A60FB
:106E90004FF40002BE4B1A61802200E08EE01A61BE
:106EA00092001A6152101A6152041A61C2B2B94BAF
:106EB0001A604FF40002B64B1A6180221A619200E8
:106EC0001A6152101A6152041A61B04A1288521E95
:106ED0001212B04B1A604FF40002AD4B1A618022BF
:106EE0001A6192001A6152101A6152041A61A74A7B
:106EF0001278521ED2B2A74B1A604FF40002A44B74
:106F00001A6180221A6192001A61A04A9289009245
:106F10004FF080729E4B1A6152001A61BDF800203A
:106F20009C4B1A604FF40002994B1A6180221A613F
:106F300092001A6100BF52101A6152041A610A12BB
:106F4000944B1A604FF40002914B1A6180221A612F
:106F500092001A6152101A6152041A61CAB28D4B22
:106F60001A604FF400028A4B1A6180221A61920063
:106F70001A6152101A6152041A61844A5288521ED0
:106F80001212844B1A604FF40002814B1A61802266
:106F90001A6192001A6152101A6152041A617B4AF6
:106FA0009278521ED2B27B4B1A604FF40002784B9B
:106FB0001A6180221A6192001A610BE1734A928869
:106FC00045F210539A427DD1704A528900924FF097
:106FD00080726F4B1A6152001A61BDF800206D4B30
:106FE0001A604FF400026A4B1A6180221A61920003
:106FF0001A6100BF52101A6152041A610212654BE5
:107000001A604FF40002624B1A6180221A619200EA
:107010001A615E4A5289521C92B200924FF08072FD
:107020001A6152001A61BDF800205A4B1A604FF4E1
:107030000002574B1A6180221A6192001A6100BF48
:1070400052101A6152041A61C2B2524B1A604FF4C4
:1070500000024F4B1A6180221A6192001A614B4A5A
:10706000928900924FF080721A6152001A61BDF845
:107070000020484B1A604FF40002454B1A618022F1
:107080001A6192001A6100BF52101A6152041A610B
:107090000A12404B1A604FF400023D4B1A618022E5
:1070A0001A6192001A61394A9289521C92B2009276
:1070B0004FF080721A6152001A61BDF80020354B02
:1070C0001A6000E018E04FF40002314B1A61802290
:1070D0001A6192001A6100BF52101A6152041A61BB
:1070E000CAB22C4B1A604FF40002294B1A6180225D
:1070F0001A6192001A616DE0244A528900924FF0A1
:107100008072234B1A6152001A61BDF80020214B96
:107110001A604FF400021E4B1A6180221A6192001D
:107120001A6100BF52101A6152041A610212194BFF
:107130001A604FF40002164B1A6180221A61920005
:107140001A6152101A6152041A61C2B2114B1A60CC
:107150004FF400020E4B1A6180221A6192001A61EC
:107160000A4A928900924FF080721A6152001A61A5
:10717000BDF80020074B1A604FF40002044B1A615F
:1071800080221A6192001A6100BF05E038010020D8
:10719000001001400C0C014052101A6152041A6197
:1071A0000A120D4B1A604FF400020C4B1A61802238
:1071B0001A6192001A6152101A6152041A61CAB21D
:1071C000054B1A604FF40002044B1A6180221A61C9
:1071D00092001A6108BD00000C0C01400010014033
:1071E0002DE9FC4F80460E4615461C46B34600204E
:1071F000019000902046E31704EB5373DB10214607
:107200004FEAE47C04EB5C7C4FEAEC0CA4EBCC0C86
:10721000BCF1000F02D04FF0010C01E04FF0000C68
:107220006344224604EBD27C4FEA6C0C03FB0CF364
:10723000DBB20193A5F12000C5B20C2C06D0102CB6
:107240000BD0182C0ED0202C18D112E005EB4500E5
:107250002D4901EB8000009012E02C4800EB051056
:1072600000900DE005EBC500294901EB800000907E
:1072700006E0284800EB8510009001E0BDE8FC8F97
:1072800000BF00273AE0009810F807904FF0000A7E
:107290002EE009F0800028B1314640460C9AFBF7F9
:1072A0006FF807E00B9828B91B4831460268404642
:1072B000FBF766F84FEA49604FEA1069701C86B226
:1072C00016484088B04200DCD8E7A6EB0B00A0428D
:1072D0000AD15E4608F101001FFA80F80F480088C5
:1072E000404500DCCAE706E00AF1010000F0FF0AB1
:1072F000BAF1080FCDDB00BF781CC7B201988742F6
:10730000C1DB00BFBAE70000F07C00086481000820
:1073100054870008B09400082000002038010020A5
:107320002DE9FF4F83B0074691461E46DDE9105A0E
:107330000020029000243AE0301B401EC1B20A2017
:10734000FFF74EFAB9FBF0F00A21B0FBF1F201FBB6
:1073500012080298B8B9701EA04214DDB8F1000FEF
:107360000FD10020AB4605EBDB71491001FB047126
:10737000CDE9000A88B22B4620220499FFF730FF9E
:1073800013E0012002900020AB4605EBDB714910B1
:1073900001FB0471CDE9000A88B208F13001CAB2DC
:1073A0002B460499FFF71CFF00BF601CC4B2B44217
:1073B000C2DB07B0BDE8F08F2DE9FC4F04460D4657
:1073C00090469946DDE90C7A0B9E04F0FF0B08EB22
:1073D00004001FFA80F809EB05001FFA80F917E096
:1073E000444502DB5C46A81985B24D4500DB15E03B
:1073F0000020CDE9000A3A78334629462046FFF7B7
:10740000EFFE304606EBD07104EB61018CB27F1CBD
:1074100038787E2802DC38782028E1DA00BFBDE821
:10742000FC8F00002DE9F8430446BE2000904FF089
:1074300080703B49086140000861BDF8000039498F
:1074400008604FF400003649086180200861800020
:10745000086100BF401008614004086105203149FF
:1074600008604FF400002E49086180200861800008
:1074700008614010086140040861204600F01BFBD1
:1074800005464FF06632284B00F028FB074600F017
:10749000E5FA244908604FF4000021490861802082
:1074A0000861800008614010086140040861012003
:1074B0001C490860C0051A490861802008618000E5
:1074C00008614010086140040861FF201549086008
:1074D0004FF40000124908618020086180000861B3
:1074E000401008614004086100200E4908604FF414
:1074F00000000B490861802008618000086140108D
:107500000861400408610020064908604FF400004B
:10751000034908618020086180000861BDE8F883A4
:10752000001001400C0C0140666604404FF480716D
:10753000064A116149041161054908604FF40001D0
:1075400011618021116189001161704700100140B3
:107550000C0C014008B500904FF080720F4B1A617F
:1075600052001A61BDF800200D4B1A604FF4000262
:107570000A4B1A6180221A6192001A6100BF5210F0
:107580001A6152041A61064A11604FF400021A612E
:1075900080221A6192001A6108BD000000100140AB
:1075A0000C0C014000B585B000BF00BF1E488069CB
:1075B00040F004001C4988610846806900F004001E
:1075C000009000BF00BF00BF00BF00BF0846806939
:1075D00040F0200088610846806900F0200000909B
:1075E00000BF00BF00BF88150190012002900390EA
:1075F0000320049001A90D48F9F736F80420019002
:1076000001A90B48F9F730F800BF01221102074821
:10761000F9F7DCF900BF00BF012204210448F9F7A3
:10762000D5F900BF05B000BD0010024000080140C0
:10763000001401400EB500250026F9F7DFF94FF4DC
:10764000E01000F0BBF94820FAF762FD4FF4E1309A
:1076500000F0E8F9FFF7A6FFFEF7E4FD00F04CF9B3
:107660004FF4784074A110221346CDE90021029016
:10767000C82232211E20FFF79FFE4FF4784070A1F0
:1076800010221346CDE900210290C82246211E2077
:10769000FFF792FE4FF478406CA110221346CDE91B
:1076A00000210290C8225A211E20FFF785FE4FF4C8
:1076B00078406AA110221346CDE900210290C82229
:1076C0006E211E20FFF778FE4FF4784065A110224E
:1076D0001346CDE900210290C82282211E20FFF727
:1076E0006BFE4FF4784061A110221346CDE90021D2
:1076F0000290C82296211E20FFF75EFE9BE000F05C
:1077000029F90446002C7DD01F2010210323224696
:10771000CDE900106E215620FFF702FE1F20102138
:107720000323CDE900105348027882215620FFF749
:10773000F7FD20461C2C4FD017DC0D2842D00BDC67
:10774000082847D003DC28B307284DD130E00928AA
:1077500032D00C2848D137E015282BD016282DD050
:10776000182833D019283FD12AE0462816D008DC43
:10777000A0F14000062837D2DFE800F012363216BA
:10778000180E47280ED04A282CD05A2826D05E281A
:107790002AD11DE038A627E039A625E03AA623E045
:1077A0003AA621E03BA61FE03DA61DE03EA61BE059
:1077B0003FA619E040A617E041A615E042A613E057
:1077C0001EA611E041A60FE041A60DE041A60BE088
:1077D00041A609E041A607E041A605E041A603E075
:1077E00041A601E041A600BF00BF4FF6FF70BA23DB
:1077F000B422962100905620FEF7C2FC1F201021D3
:107800000B4600E008E0C822CDE900160290962160
:107810005620FFF7D1FD02E00A20FAF77FFC681C32
:10782000C5B2142D07D1002500BF4FF48071314837
:10783000F9F7C2F800BF62E753544D33320000003D
:1078400052454D4F544520544553540041544F4DDB
:1078500040414C49454E54454B0000004B4559565C
:10786000414C3A004B4559434E543A0053594D420E
:107870004F4C3A002C0000204552524F520000005D
:10788000504F57455200000055500000504C415990
:1078900000000000414C49454E54454B000000009B
:1078A00052494748540000004C454654000000002F
:1078B000564F4C2D00000000444F574E0000000072
:1078C000564F4C2B00000000310000003300000038
:1078D00034000000350000003600000037000000D2
:1078E00038000000390000003000000044454C45DD
:1078F00054450000000801401FB5144814490860B1
:107900004720486000211248816042F21071C16036
:1079100000210161F9F7A2FD0020009001200190F3
:107920000020029003200390042269460848F9F7DA
:107930002BFD04210648F9F709FE05480068C068D8
:1079400040F0010002490968C8601FBD000C0040FA
:107950004801002010B50020154B1B7803F04003B0
:1079600023B3144B19781B88C3F30722D343DBB22C
:107970008B420CD159B90F4B1B68C3F307410D4B18
:107980001B681A0ED343DBB28B4200D1084620B1EC
:10799000074B1B7803F0800343B9054B1B7823F09A
:1079A0004003034C23700023034C237010BD0000E0
:1079B00024000020280000202C00002030B58FB0CB
:1079C00005460124282105A8F8F792FC14216846F1
:1079D000F8F78EFC01200590000406900020079027
:1079E00002200C90C1030D910E9505A8F9F7DAF964
:1079F00004460CB100BFFEE70F200090022001906A
:107A0000002002904FF48060039000200490022137
:107A10006846F9F791F804460CB100BFFEE70FB0D5
:107A200030BD000010B5044609480A490860084600
:107A3000446000218160C160016181610C2141616C
:107A4000F9F7DCFF012204490248FAF76BF810BD90
:107A500000380140F80000200E0000204FEA1153CA
:107A6000A3F58063D3F11E03A8BFD3F1200C08DB7C
:107A70004FF0004242EAC12252EA505232FA03F079
:107A8000704709420BD4102BC4BF0020704703F588
:107A9000787CBCF1FF3F05D04FF0FF3070474FF0CE
:107AA0000000704770B500F0C3F800BF4992248011
:107AB00000207047F0E7B0FA80F310FA03F10AD023
:107AC000C3F11D0303F580634FEA41504FEA0352AF
:107AD00002EBD12170474FF000007047DFF848C13A
:107AE00070B51CEA111E1EBF1CEA13159EEA0C0F8E
:107AF00095EA0C0F00F06F8081EA030423EA4C132F
:107B00004EEAD47E21EA4C1141F4801143F48013F3
:107B1000AE44A1FB024CA0FB0365AEF17F7E36199B
:107B200055EB0C05A1FB034C4CF10003A0FB021C20
:107B300016EB0C06654153F10003094218BF46F0ED
:107B4000010613F4007F0BD14FEA03314FEA0530F1
:107B5000340341EA155140EA16506FF003020AE07F
:107B60004FEAC3214FEAC520F40241EA555140EAE9
:107B700056506FF0020202EB2E4201EB025585EAED
:107B8000CE710AD05FEA440C18BF24F0004450F1D3
:107B9000000041F1000120EAD47040F2FE7C624511
:107BA00000D270BDA84214BF4FF080444FF0404453
:107BB000002E08BF0024BEF1806FA8BFA1F1C04114
:107BC000BDE8704080F282804FF0000001F1C041BA
:107BD00001F0004170479EEA0C0F0CEA131518BF24
:107BE00095EA0C0F06D04FF0000081EA030E0EF06C
:107BF000004170BD00F01CF88900013E00F007B89C
:107C000000F009B84FEA430C5FEA5C5C08D081EAF7
:107C1000030100F05BB84FEA410C5FEA5C5CF6D10F
:107C20004FF00000014970470000FF070000F87F97
:107C30000EF1020E2EF0030E5EF8046B364205D4F0
:107C4000012A43EB030515F5001F12D8012841EB6B
:107C5000010C1CF5001F0CD80ED14FEAD17C15F594
:107C6000001F0CEB4C0C0CF1020C08BF4CEBD37C4E
:107C700004E04FF0080C01E04FEAD37C0CEB4C051C
:107C800026FA05F606F00706B6F1040C06D20EEB4E
:107C9000860CBDE870404CF0010C6047DFE80CF04A
:107CA000090B02024FF000414FF00000A1F5002146
:107CB00070BD19461046012851EB010418BFD4F5D8
:107CC000001484BF002001F0004170BD0808A0F539
:107CD00000114FEA31017047000000000000000071
:107CE0000102030406070809000000000102030462
:107CF0000000000000000000000000000000000084
:107D00003F40000000000000000030004000300054
:107D10004000000009000BC03D000BC03D00090001
:107D200018C024407FE0224031800000180024C0A9
:107D30001B000D803240018003801C4027401C80C6
:107D4000074000401000600000000000000000003C
:107D50000000000000001F80204040200000402064
:107D600020401F8000000000090006001F80060060
:107D700009000000040004003F800400040000002B
:107D8000001000600000000000000000040004007B
:107D90000400040004000000000000400000000097
:107DA00000000000002001C0060038004000000074
:107DB0001F802040204020401F8000000000104015
:107DC0003FC000400000000018C021402240244075
:107DD0001840000010802040244024401B800000F8
:107DE00002000D0011003FC0014000003C80244013
:107DF00024402440238000001F802440244034403D
:107E0000038000003000200027C038002000000060
:107E10001B802440244024401B8000001C0022C002
:107E2000224022401F8000000000000008400000A7
:107E300000000000000000000460000000000000DE
:107E4000000004000A0011002080404009000900E1
:107E500009000900090000000000404020801100D6
:107E60000A0004001800200023402400180000002D
:107E70001F802040274029401F400000004007C0CD
:107E800039000F0001C0004020403FC02440244082
:107E90001B8000001F8020402040204030800000D8
:107EA00020403FC0204020401F80000020403FC0B5
:107EB00024402E4030C0000020403FC024402E000F
:107EC000300000000F00108020402240338002006C
:107ED00020403FC0040004003FC02040204020401C
:107EE0003FC02040204000000060202020203FC0F4
:107EF0002000200020403FC024400B0030C0204024
:107F000020403FC020400040004000C03FC03C0037
:107F100003C03C003FC0000020403FC00C40230095
:107F20003FC020001F802040204020401F800000D4
:107F300020403FC024402400180000001F80214042
:107F4000214020E01FA0000020403FC02440260028
:107F500019C0004018C02440244022403180000055
:107F6000300020403FC020403000000020003F8013
:107F7000004000403F80200020003E0001C007007C
:107F800038002000380007C03C0007C0380000005F
:107F9000204039C0060039C0204000002000384091
:107FA00007C0384020000000304021C02640384043
:107FB00020C00000000000007FE0402040200000C2
:107FC000000070000C000380004000000000402012
:107FD00040207FE000000000000020004000200062
:107FE0000000000000100010001000100010001031
:107FF00000000000400000000000000000000280BF
:108000000540054003C0004020003FC0044004403C
:10801000038000000000038004400440064000008C
:1080200000000380044024403FC000400000038063
:108030000540054003400000000004401FC02440EC
:1080400024402000000002E00550055006500420A6
:1080500020403FC00440040003C000400000044032
:1080600027C000400000000000100010041027E0AE
:108070000000000020403FC00140070004C0044051
:10808000204020403FC000400040000007C00400E6
:1080900007C0040003C00000044007C004400400FF
:1080A00003C000400000038004400440038000003F
:1080B000041007F004500440038000000000038017
:1080C0000440045007F00010044007C002400400C0
:1080D00004000000000006400540054004C0000008
:1080E000000004001F8004400040000004000780DE
:1080F0000040044007C000400400070004C00180A5
:1081000006000400060001C0070001C006000000D0
:10811000044006C0010006C004400000041007101F
:1081200004E00180060004000000044005C0064091
:10813000044000000000000004007BE0402000003C
:10814000000000000000FFF00000000000004020E0
:108150007BE00400000000004000800040002000A0
:1081600020004000000000000000000000000000AF
:10817000000000000000000000001FCC000C000008
:10818000000000000000080030006000080030001F
:1081900060000000022003FC1E20022003FC1E20C1
:1081A0000220000000000E1811043FFF10840C781C
:1081B000000000000F0010840F3800C007781884FA
:1081C0000078000000780F8410C411240E9800E499
:1081D0000084000808006800700000000000000033
:1081E0000000000000000000000007E01818200454
:1081F00040020000000040022004181807E00000C0
:10820000000000000240024001800FF001800240A7
:10821000024000000080008000800FF80080008095
:10822000008000000001000D000E000000000000B2
:1082300000000000000000800080008000800080BE
:10824000008000800000000C000C00000000000016
:108250000000000000000006001800600180060019
:1082600018002000000007F0080810041004080897
:1082700007F000000000080408041FFC00040004CC
:108280000000000000000E0C101410241044118493
:108290000E0C000000000C181004110411041288C8
:1082A0000C700000000000E00320042408241FFCE0
:1082B0000024000000001F9810841104110410888D
:1082C00010700000000007F00888110411041888DD
:1082D0000070000000001C00100010FC13001C00C7
:1082E0001000000000000E38114410841084114466
:1082F0000E38000000000700088C10441044088865
:1083000007F00000000000000000030C030C000058
:108310000000000000000000000101060000000055
:108320000000000000000080014002200410080846
:10833000100400000220022002200220022002205D
:108340000220000000001004080804100220014070
:108350000080000000000E001200100C106C108055
:108360000F00000003E00C1813E4142417C40828BD
:1083700007D000000004003C03C41C40074000E498
:10838000001C000410041FFC1104110411040E88C9
:108390000070000003E00C18100410041004100812
:1083A0001C10000010041FFC100410041004080826
:1083B00007F0000010041FFC1104110417C410047E
:1083C0000818000010041FFC1104110017C0100051
:1083D0000800000003E00C181004100410441C787E
:1083E0000040000010041FFC1084008000801084F6
:1083F0001FFC10040000100410041FFC10041004E3
:108400000000000000030001100110011FFE100019
:108410001000000010041FFC110403801464181CD9
:108420001004000010041FFC1004000400040004E9
:10843000000C000010041FFC1F0000FC1F001FFCAC
:108440001004000010041FFC0C04030000E01018CE
:108450001FFC100007F0080810041004100408089E
:1084600007F0000010041FFC1084108010801080A2
:108470000F00000007F0081810241024101C080A30
:1084800007F2000010041FFC1104110011C011308C
:108490000E0C000400000E1C110410841084104403
:1084A0001C3800001800100010041FFC10041000FD
:1084B0001800000010001FF810040004000410044D
:1084C0001FF8100010001E0011E0001C0070138047
:1084D0001C0010001FC0103C00E01F0000E0103C1A
:1084E0001FC000001004180C163401C001C016345F
:1084F000180C100410001C00130400FC13041C00D2
:10850000100000000804101C1064108413041C04E4
:10851000101800000000000000007FFE4002400232
:1085200040020000000030000C0003800060001CCE
:108530000003000000004002400240027FFE0000F5
:10854000000000000000000020004000400040004B
:1085500020000000000100010001000100010001F5
:108560000001000100004000400020000000000069
:10857000000000000000009801240144014401446F
:1085800000FC000410001FFC0088010401040088A6
:108590000070000000000070008801040104010464
:1085A0000088000000000070008801040104110828
:1085B0001FFC0004000000F8014401440144014490
:1085C00000C800000000010401040FFC11041104A4
:1085D00011001800000000D601290129012901C954
:1085E0000106000010041FFC0084010001000104CA
:1085F00000FC000400000104190419FC000400043C
:10860000000000000000000300010101190119FE33
:108610000000000010041FFC0024004001B4010C05
:10862000010400000000100410041FFC00040004FA
:1086300000000000010401FC0104010001FC010430
:10864000010000FC010401FC0084010001000104A0
:1086500000FC0004000000F801040104010401040E
:1086600000F80000010101FF0085010401040088F9
:108670000070000000000070008801040104010582
:1086800001FF00010104010401FC00840104010058
:1086900001800000000000CC0124012401240124F9
:1086A0000198000000000100010007F80104010426
:1086B00000000000010001F80004000400040108AB
:1086C00001FC0004010001800170000C0010016039
:1086D0000180010001F0010C003001C00030010CEC
:1086E00001F0010000000104018C00740170018C94
:1086F00001040000010101810171000E00180160F8
:108700000180010000000184010C01340144018456
:10871000010C0000000000000000000001003EFC11
:10872000400240020000000000000000FFFF0000C7
:10873000000000000000400240023EFC010000007A
:108740000000000000006000800080004000400049
:1087500020002000000000000000000000000000D9
:108760000000000000000000000000000000000009
:1087700000000000000000000000000000000000F9
:10878000000000000000000F80380FFE380F803816
:1087900000000000000000000000000000000000D9
:1087A00000000100000600000C000038000031004D
:1087B000000600000C00003800003000000000003F
:1087C0000000000061800067F807F9800061800008
:1087D00061800061800061800067F807F9800061B6
:1087E0008000000000000000000001C0E003E0F095
:1087F0000630080418081FFFFE040E080787F00360
:1088000081E000000000000001F000060C000404FC
:1088100008060C7001F9C0000E00003BE000EC18E7
:10882000070808040C180003E00000000001E00045
:1088300007F003F818041C0804170807E1D003C068
:10884000E00023B0003C08002008000010000000F9
:108850000000000100003100003200001C00000098
:108860000000000000000000000000000000000008
:1088700000000000000000000000000000000000F8
:10888000000000007F0001FFC00780F00C001810FE
:108890000004200002000000000000200002100080
:1088A000040C00180780F001FFC0007F00000000EA
:1088B00000000000000000000000000000000000B8
:1088C0004200006600006600003C0000180003FF44
:1088D000C0001800003C0000660000660000420076
:1088E0000000000008000008000008000008000068
:1088F000080001FFC0000800000800000800000890
:1089000000000800000000000001000031000032FB
:1089100000001C000000000000000000000000003B
:108920000000000000000000000000000800000837
:10893000000008000008000008000008000008000F
:10894000000800000800000800000000000000000F
:10895000000000003800003800003800000000006F
:108960000000000000000000000000000000000007
:1089700000000000000600001C00007000018000E4
:108980000E0000380000C0000700001C000030008E
:1089900000000000000000007F8001FFE003807005
:1089A000060018040008040008060018038070017F
:1089B000FFE0007F800000000000000000000100D8
:1089C0000801000801000803FFF807FFF80000088D
:1089D0000000080000080000000000000000000186
:1089E000C03802C058040098040118040218040496
:1089F00018061C1803F81801E0F800000000000039
:108A000000000001C0E003C0F004000804080804EE
:108A1000080806180803F41801E7F00001E0000058
:108A200000000000000000000300000D0000110025
:108A300000610000810803010807FFF80FFFF8003C
:108A400001080001080000000000000000E007FC31
:108A5000D006080806100806100806100806183880
:108A6000060FF00607C00000000000000000000034
:108A70003F8001FFE003843002081804100804104E
:108A800008041008071810030FF00007C0000000CA
:108A900000000000000003C0000700000600000600
:108AA00000F80607F806180006E0000700000600B8
:108AB0000000000000000001E1E003F7F0063410C0
:108AC000041808041808040C08040C0806161803F7
:108AD000F3F001C1E000000000000000F80003FC1A
:108AE00030030638040208040208040208040410D3
:108AF0000308F001FFC0007F00000000000000003C
:108B0000000000000000000000000000703800704D
:108B10003800703800000000000000000000000075
:108B20000000000000000000000000000000000045
:108B3000301A00301C00000000000000000000009F
:108B40000000000000000000000000080000140009
:108B5000002200004100008080010040020020044B
:108B600000100800080000000000000021000021A3
:108B70000000210000210000210000210000210050
:108B80000021000021000021000000000000000082
:108B900000000800080400100200200100400080CE
:108BA00080004100002200001400000800000000C6
:108BB00000000003C00004C00004000008003808E2
:108BC0000F380808380810000C300007E00003C018
:108BD00000000000000000003F8000FFE003807004
:108BE000020F1006708804C088048308047F88027E
:108BF000C09003012000FE400000080000180001A2
:108C0000F8003E0801C20007020007E20000FE0073
:108C1000001FC80001F80000380000080400080721
:108C2000FFF807FFF8040808040808040808040807
:108C30000806180803F41801E7F00001E00000003E
:108C4000000000003F8001FFE00380700200180474
:108C50000008040008040008040010060020078033
:108C6000C000000004000807FFF807FFF804000830
:108C700004000804000804001802001003807001BA
:108C8000FFE0007F8000000004000807FFF807FFF6
:108C9000F8040808040808040808040808043E0842
:108CA0000400080600180100600000000400080726
:108CB000FFF807FFF8040808040800040800040887
:108CC00000043E00060000060000018000000000D5
:108CD000000000003F8001FFE003807006001804E0
:108CE00000080402080402080203F00783F00002EF
:108CF0000000020004000807FFF807FFF804080856
:108D00000008000008000008000008000408080728
:108D1000FFF807FFF804000800000000000004004E
:108D20000804000804000807FFF807FFF80400081B
:108D3000040008040008000000000000000000001B
:108D40000006000007000001040001040001040007
:108D50000307FFFE07FFFC040000040000040000FE
:108D600004000807FFF807FFF8040C0800180000CB
:108D70003E0004C7800503C80600F804003804005C
:108D80001800000804000807FFF807FFF8040008AF
:108D900000000800000800000800000800000800AB
:108DA000001800006000000004000807FFF80780BA
:108DB0000807FC00007FC00003F80007C00078002F
:108DC00007800807FFF807FFF804000804000807F9
:108DD000FFF807000803C00000E000003800001E94
:108DE000000007000001C00400F007FFF8040000C5
:108DF000000000007F8001FFE0038070060018047F
:108E0000000804000806001803003001FFE0007F9E
:108E10008000000004000807FFF807FFF8040408BA
:108E2000040400040400040400040400060C00030D
:108E3000F80001F000000000000000007F8001FF4A
:108E4000E00380700600880400880400C806003C27
:108E500003003E01FFE6007F8400000004000807D5
:108E6000FFF807FFF8040808040800040C00040FCA
:108E700000040BC00610F003F03801E00800000801
:108E800000000001E0F803F0300630100418080478
:108E90001808040C08040C080206180207F00781E1
:108EA000E000000001800006000004000004000053
:108EB00004000807FFF807FFF80400080400000496
:108EC000000006000001800004000007FFE007FF2B
:108ED000F004001800000800000800000800000866
:108EE00000000804001007FFE00400000400000672
:108EF000000007E00007FE00041FE00001F800008A
:108F0000380001E0043E0007C00006000004000035
:108F100004000007E00007FFC0041FF80007C007B7
:108F2000F80007FF80043FF80007C004F8000700BE
:108F30000004000000000004000806001807C078C4
:108F400005F1C8003E00001F800463E80780F806B2
:108F5000001804000800000004000006000007805C
:108F60000007E008047C08001FF80007F800180854
:108F700004E00807000006000004000000000001F3
:108F800000080600380400F80403E8040F08047C15
:108F90000805F00807C0080700180400600000007A
:108FA0000000000000000000000000000000003F82
:108FB000FFFE20000220000220000220000220000C
:108FC0000200000000000000000008000007000090
:108FD00000C0000038000006000001C000003000A2
:108FE000000E000001000000000000000000200052
:108FF000022000022000022000022000023FFFFEAB
:109000000000000000000000000000000000000060
:1090100000000000000800001000003000002000E8
:1090200000300000100000080000000000000000F8
:10903000000001000001000001000001000001002B
:10904000000100000100000100000100000100001B
:1090500001000001000000000000000000200000EE
:1090600020000010000010000000000000000000C0
:1090700000000000000000000000000000F00019E7
:10908000F8001B18002208002608002408002410FD
:10909000003FF8001FF8000008000018000000045E
:1090A000000007FFF80FFFF000181800100800205C
:1090B00008002008003018001FF0000FC00000005A
:1090C0000000000007C0001FF0001830002008005A
:1090D0002008002008003C08001C10000060000070
:1090E000000000000000000007C0001FF00038185A
:1090F00000200800200800200804101007FFF80FC7
:10910000FFF0000010000000000000000000000759
:10911000C0001FF0001230002218002208002208B0
:10912000003208001E10000E2000000000000000A9
:10913000200000200800200801FFF803FFF80620A7
:109140000804200804200807200003000000000095
:1091500000000000000E000E6E001FF30031B10091
:1091600020B10020B1003191001F13002E1E0020FD
:109170000E00300000000004000807FFF80FFFF8A1
:10918000001008002000002000002008003FF80028
:109190001FF8000008000000000000000000002090
:1091A00008002008002008063FF8063FF8000008E5
:1091B000000008000008000000000000000000009F
:1091C0000000000003000003002001002001002037
:1091D00003063FFE063FFC00000000000000000008
:1091E00000000004000807FFF80FFFF800018800E6
:1091F0000300002FC00038F80020380020080000CD
:10920000080000000000000000000400080400083E
:1092100004000807FFF80FFFF8000008000008002E
:109220000008000000000000002008003FF8003F98
:10923000F8001008002000003FF8003FF800100878
:10924000002000003FF8003FF80000080000000088
:109250002008003FF8003FF8001008001000002030
:1092600000002008003FF8001FF800000800000080
:109270000000000007C0000FF000183000300800A8
:109280002008002008003008001830000FF0000708
:10929000C0000000000000002001003FFF003FFF71
:1092A00000101100200900200800200800303800BC
:1092B0001FF0000FC00000000000000007C0001FEA
:1092C000F0003818002008002008002009001011C4
:1092D000001FFF003FFF0000010000000020080009
:1092E0002008002008003FF8003FF80008080010A0
:1092F00008002008002000003000003000000000BE
:10930000000000000000000C78001E180033080068
:1093100023080021080021880021980030F000383F
:10932000600000000000000020000020000020007D
:1093300000FFF003FFF800200800200800200800CC
:109340000030000000000000000000002000003F8E
:10935000F0007FF80000180000080000080020104E
:10936000003FF8007FF00000100000000000000047
:109370002000003000003C00003F800023F000008F
:1093800078000070002380003C00003000002000C6
:10939000002000003C00003FE00023F80000E00057
:1093A0002700003E00003FE00021F80001E0003E01
:1093B00000002000000000002008002008003838CD
:1093C000003E680027800003C8002CF800383800F1
:1093D00020180020080000000000000020000030DD
:1093E00003003C01003F830023EC00007000238059
:1093F000003C0000200000200000000000000000F1
:1094000000000038080020380020F80023E8002F72
:1094100088003E0800380800201800007000000096
:10942000000000000000000000000000000000003C
:1094300008000014001FF7FC3000062000020000A6
:10944000000000000000000000000000000000001C
:10945000000000000000FFFFFF000000000000000F
:1094600000000000000000000000000000002000DC
:10947000023000061FF7FC00140000080000000086
:1094800000000000000000000000000000000018C4
:1094900000006000004000004000002000001000BC
:1094A000000800000400000400000C000010000090
:1094B00000000000000000000000000000000000AC
:1094C000000000000000000000000000000000009C
:1094D000000000000000000000000000000000008C
:1094E000000000000000000000000000000000007C
:1094F000000000000000000000000000000000006C
:10950000000000000000000007F000C007FFE1E0DD
:1095100007F001E0000000C00000000000000000B3
:10952000000000000000000000000000000000003B
:1095300000000000000000000020000001C000004A
:10954000078000001F0000001E0000001C2000001B
:1095500001C00000078000001F0000001E00000086
:109560001C000000000000000000000000000000DF
:109570000000000000180C0000180C0000180FE09C
:10958000001FFC0003F80C0000180C0000180C0071
:1095900000180C0000180C0000180FE0001FFC0061
:1095A00003F80C0000180C0000180C00000000006C
:1095B000000000000000000000000780007807C0E5
:1095C00000FC0640010E002003070020020380205B
:1095D0000FFFFFFC0201C0200200E060013070407C
:1095E00001F03F8000F01F000000000000000000BC
:1095F00000FE000001FF0000030180000200806007
:10960000030181C001FF070000FE18000000E00018
:109610000003BF00000CFFC00071806001C100208A
:10962000030180600000FFC000003F000000000058
:1096300000001F0000007FC000FCC0C001FF806070
:109640000303E0200202782002061E2003FC0740EC
:1096500001F00380000103C000011C600001E02054
:109660000001002000010040000001800000000017
:1096700000000000002000001C6000001C400000F2
:109680001F8000000F00000000000000000000002C
:1096900000000000000000000000000000000000CA
:1096A00000000000000000000000000000000000BA
:1096B00000000000000000000000000000000000AA
:1096C0000000000000000000000000000007F8009B
:1096D000003FFF00007807C001C000E00300003039
:1096E0000400000808000004100000020000000050
:1096F0000000000010000002080000040400000840
:109700000300003001C000E0007807C0003FFF0008
:109710000007F8000000000000000000000000004A
:109720000000000000000000000000000000000039
:109730000000000000000000000C1800000E3800BF
:10974000000E380000063000000360000061438016
:1097500000FFFF800061430000036000000630004E
:10976000000E3800000E3800000C18000000000049
:1097700000000000000000000000800000008000E9
:1097800000008000000080000000800000008000D9
:10979000007FFF00000080000000800000008000CB
:1097A0000000800000008000000080000000000039
:1097B0000000000000000001000000E3000000E2E3
:1097C000000000FC00000078000000000000000025
:1097D0000000000000000000000000000000000089
:1097E0000000000000000000000000000000000079
:1097F00000000000000080000000800000008000E9
:109800000000800000008000000080000000800058
:109810000000800000008000000080000000800048
:1098200000008000000080000000800000000000B8
:109830000000000000000000000000C0000001E087
:10984000000001E0000000C0000000000000000077
:109850000000000000000000000000000000000008
:1098600000000000000000000000000000000000F8
:10987000000000000000000C00000038000000E0C4
:109880000000038000000E00000038000000E0002F
:1098900000038000000E00000038000000E000001F
:1098A000038000000E00000018000000000000000F
:1098B0000000000000000000000FF800007FFF0023
:1098C00000F00780018000C003000060020000205B
:1098D000020000200200002003000060018000C0A0
:1098E00000E00380007FFF00000FF8000000000090
:1098F00000000000000000000000000000800020C8
:1099000000800020008000200080006001FFFFE058
:1099100003FFFFE0000000600000002000000020C6
:109920000000002000000000000000000000000017
:109930000000000000000000007800E000980160D6
:109940000100026002000460020008600200106072
:10995000020020600200406003008060018300601C
:1099600001FE00E0007C0780000000000000000015
:10997000000000000000000000F0078001F007C0B8
:10998000010000400200002002010020020100202E
:1099900002010020030380200186804001FCC0C03A
:1099A00000787F8000001E00000000000000000022
:1099B000000000000000080000003800000048001F
:1099C0000001880000060800000C08100030081094
:1099D0000040081001FFFFF003FFFFF003FFFFF05E
:1099E000000008100000081000000810000000002F
:1099F000000000000000000000000780001F8640FB
:109A000003E10020030200200304002003040020DF
:109A1000030400200304002003060040030301C0E8
:109A20000301FF8003007E00000000000000000032
:109A300000000000000000000007FC00003FFF00E5
:109A40000070C380008180C001010060030200201B
:109A50000202002002020020020200200203004055
:109A600001C180C000C0FF8000007E000000000037
:109A7000000000000000000000F0000003C0000033
:109A80000380000003000000030007E003003FE044
:109A90000301C0000306000003180000036000007B
:109AA0000380000003000000000000000000000030
:109AB0000000000000001F0000783F8000FC60C034
:109AC000018EC04003078020020300200201802095
:109AD000020180200201C0200301E040018670C025
:109AE00000FC3F8000781F00000000000000000024
:109AF00000000000003F000000FF81C001C0C1C0A5
:109B0000010060200200202002002020020020200E
:109B100002002060020040C00100C18000C18F002F
:109B2000007FFE00001FF0000000000000000000A9
:109B30000000000000000000000000000000000025
:109B40000000000000000000000300C0000781E0EA
:109B5000000781E0000300C00000000000000000DA
:109B600000000000000000000000000000000000F5
:109B700000000000000000000000000000000000E5
:109B800000000000000000000006006600060078EB
:109B900000000000000000000000000000000000C5
:109BA00000000000000000000000000000000000B5
:109BB0000000000000000000000080000001C00064
:109BC0000003600000063000000C180000180C00B4
:109BD000003006000060030000C00180010000406A
:109BE000020000200400001000000000000000003F
:109BF0000000000000041000000410000004100029
:109C00000004100000041000000410000004100004
:109C100000041000000410000004100000041000F4
:109C200000041000000410000004100000000000F8
:109C300000000000000000000400001002000020EE
:109C40000100004000C001800060030000300600F9
:109C500000180C00000C1800000630000003600023
:109C60000001C000000080000000000000000000B3
:109C700000000000000000000078000001F8000073
:109C80000238000002000000040000C0040079E077
:109C9000040081E0040100C004030000020200008F
:109CA0000306000001FC000000F8000000000000B6
:109CB00000000000000FF800003FFE000070078069
:109CC00000C000C00101F8400307FC20021E042070
:109CD0000230082002203020023FFC20013F0440D7
:109CE00001800CC000E03180001FC20000000000B5
:109CF0000000002000000060000003E000003E20A3
:109D00000003E020003E200003E02000038020004C
:109D100007FC2000003FE0000003FE2000003FE0C1
:109D2000000001E000000020000000200000000012
:109D300000000000020000200200002003FFFFE0FE
:109D400003FFFFE0020100200201002002010020C9
:109D50000201002002010020030300200186806030
:109D600001FCC0C000F87F8000001F000000000060
:109D7000000000000007F800003FFF0000700780AF
:109D800000C000C0010000400300002002000020CD
:109D9000020000200200002002000020010000401C
:109DA000018000C003C001800030060000000000F8
:109DB00000000000020000200200002003FFFFE07E
:109DC00003FFFFE00200002002000020020000204C
:109DD000020000200300006001000040018000C07C
:109DE00000F00780007FFE00000FF8000000000078
:109DF00000000000020000200200002003FFFFE03E
:109E000003FFFFE002010020020100200201002008
:109E1000020100200201002002038020020FE02046
:109E20000300006003C000E00060030000000000C9
:109E300000000000020000200200002003FFFFE0FD
:109E400003FFFFE0020100200201002002010000E8
:109E50000201000002010000020100000203800074
:109E6000030FE0000300000003C0000000600000DA
:109E7000000000000007F800003FFE0000700780AF
:109E800001C001C0010000400300002002000020CA
:109E900002000020020000200100202001002040DC
:109EA00003C03F8000303F80000020000000200001
:109EB000020000200200002003FFFFE003FFFFE09C
:109EC000020080200200802000008000000080004E
:109ED00000008000020080200200802003FFFFE0DD
:109EE00003FFFFE00200002002000020000000004D
:109EF0000000000000000000000000000200002040
:109F000002000020020000200200002003FFFFE00A
:109F100003FFFFE0020000200200002002000020FA
:109F2000020000200000000000000000000000000F
:109F3000000000000000000E0000000F0000000FF5
:109F40000000000102000001020000010200000305
:109F50000200000603FFFFFC03FFFFF80200000001
:109F600002000000020000000200000000000000EB
:109F700000000000020000200200002003FFFFE0BC
:109F800003FFFFE00200C020020100200007800064
:109F9000000FE0000030F80002603E2003800F2038
:109FA000030003E0020000E00200002000000020A7
:109FB00000000000020000200200002003FFFFE07C
:109FC00003FFFFE00200002002000020000000204C
:109FD0000000002000000020000000200000002001
:109FE00000000060000000E000000300000000002E
:109FF000020000200200002003FFFFE003E0002039
:10A0000003FF0020001FF0000001FF8000000FE0B0
:10A0100000001E000003E000003E002003E00020DE
:10A0200003FFFFE003FFFFE002000020020000202A
:10A03000020000200200002003FFFFE00380002058
:10A0400003F0002000FC0000001F00000007C0001B
:10A050000001F00000007C0002001F80020007E009
:10A0600003FFFFE00200000002000000000000000B
:10A0700000000000000FF800003FFE0000F0078025
:10A08000018000C00100004002000020020000200A
:10A09000020000200200002001000040018000C0FA
:10A0A00000F00380003FFE00000FF80000000000F9
:10A0B00000000000020000200200002003FFFFE07B
:10A0C00003FFFFE0020080200200802002008000E9
:10A0D0000200800002008000020080000301800076
:10A0E0000183000000FE0000007C00000000000072
:10A0F00000000000000FF800007FFF0000F0038068
:10A10000018001C00100064002000420020004207A
:10A1100002000620020003E0010000F80180005C5C
:10A1200000E0038C003FFF0C000FFC180000000053
:10A1300000000000020000200200002003FFFFE0FA
:10A1400003FFFFE002010020020100200201800065
:10A150000201E0000201FC0003033F80018607E0EA
:10A1600001FC00E000F800200000002000000000DA
:10A1700000000000000000000078060000FE01E082
:10A18000018600C00303004002030020020180207A
:10A19000020180200201C0200200C0200100E06016
:10A1A000018070C003E03F8000001F00000000003D
:10A1B00000000000006000000380000003000000B9
:10A1C00002000000020000200200002003FFFFE068
:10A1D00003FFFFE002000020020000200200000058
:10A1E000020000000380000000E00000000000000A
:10A1F000020000000200000003FFFF0003FFFFC099
:10A20000020000400200006000000020000000206A
:10A21000000000200000002002000040020000803A
:10A2200003FFFF0002000000020000000000000029
:10A2300000000000020000000200000003C0000057
:10A2400003FC0000023FC0000003F80000007F8014
:10A25000000007E000000780000078000203C00053
:10A26000023C000003C000000200000002000000E9
:10A270000200000003C0000003FF8000023FFE0058
:10A2800002007FE000000F000200F00003EF00007A
:10A2900003FF8000020FFE0000003FE000001F00EF
:10A2A0000207E00003F800000300000002000000C5
:10A2B000000000000200002002000020038000E0F7
:10A2C00003F0032002FC0C20021F30000007C00036
:10A2D0000007F00002187C0002601F20038003E0EA
:10A2E000020000E00200002000000020000000004A
:10A2F00000000000020000000300000003C0000096
:10A3000003F80000023E0020020FC0200001FFE021
:10A3100000007FE000038020021C0020027000008B
:10A3200003800000020000000200000000000000A6
:10A330000000000000000020006000E0038003E057
:10A3400003000FA002003E200200F8200203E020DC
:10A35000020F8020023E00200278002003E000600F
:10A36000038000E002000300000000000000000085
:10A3700000000000000000000000000000000000DD
:10A3800000000000000000001FFFFFFC10000004A0
:10A39000100000041000000410000004100000046D
:10A3A0001000000410000004000000000000000085
:10A3B0000000000000000000000000000700000096
:10A3C00003C0000000780000001E00000003C00071
:10A3D0000000F00000001E0000000780000000F0F8
:10A3E0000000003C0000000600000000000000002B
:10A3F0000000000000000000100000041000000435
:10A4000010000004100000041000000410000004FC
:10A41000100000041FFFFFFC00000000000000000F
:10A42000000000000000000000000000000000002C
:10A43000000000000000000000000000000000001C
:10A4400002000000040000000800000018000000E6
:10A4500010000000180000001800000004000000B8
:10A4600002000000000000000000000000000000EA
:10A4700000000001000000010000000100000001D8
:10A4800000000001000000010000000100000001C8
:10A4900000000001000000010000000100000001B8
:10A4A00000000001000000010000000100000001A8
:10A4B000000000000000000000000000100000008C
:10A4C000100000001000000018000000080000004C
:10A4D0000400000000000000000000000000000078
:10A4E000000000000000000000000000000000006C
:10A4F000000000000000038000018FC000038C609A
:10A500000006182000041020000410200004202061
:10A5100000042040000620400003FFC00001FFE0CF
:10A520000000002000000020000000C0000000002B
:10A5300000000000020000000200000003FFFFE036
:10A5400007FFFFC0000180C0000200600002002081
:10A550000004002000040020000400200006004049
:10A56000000300C00001FF800000FE0000000000AA
:10A57000000000000000000000007E000001FF80DD
:10A58000000381C0000200400006002000040020FB
:10A590000004002000040020000600200003C0404A
:10A5A0000001C08000000300000000000000000067
:10A5B000000000000000000000007E000001FF809D
:10A5C000000380C00006006000040020000400209A
:10A5D00000040020020400400202008003FFFFE0AC
:10A5E00007FFFFC000000040000000400000000026
:10A5F000000000000000000000007E000001FF805D
:10A60000000311C00002104000041060000410207C
:10A610000004102000041020000610200003104049
:10A620000001F0C000007100000000000000000008
:10A6300000000000000000000004000000040020F2
:10A640000004002000040020007FFFE001FFFFE085
:10A650000104002003040020020400200204002062
:10A66000020400000200000001C0000001C0000060
:10A6700000000000000000000000001C0000E33E9D
:10A680000003FFC200020CC3000404C1000404C1A3
:10A69000000404C1000404C100060CC10003F8C397
:10A6A0000005F0620006007E0006003C000000008D
:10A6B00000000000020000200200002003FFFFE075
:10A6C00007FFFFE00001002000020020000600005C
:10A6D0000004000000040000000400200006002028
:10A6E0000003FFE00001FFE0000000200000002068
:10A6F0000000000000000000000000000004002036
:10A700000004002000040020000400200387FFE074
:10A71000038FFFE0038000200000002000000020E5
:10A720000000002000000000000000000000000009
:10A730000000000000000000000000000000000613
:10A7400000000007000000010000000100040001FB
:10A750000004000100040003000400060387FFFC5E
:10A76000038FFFF8038000000000000000000000DD
:10A7700000000000020000200200002003FFFFE0B4
:10A7800007FFFFE00000082000001020000030005C
:10A790000000FC0000058E00000707A0000601E095
:10A7A000000400E000040020000000200000000081
:10A7B0000000000000000000000000000200002077
:10A7C00002000020020000200200002003FFFFE042
:10A7D00007FFFFE000000020000000200000002034
:10A7E0000000002000000000000000000000000049
:10A7F00000000000000400200007FFE0000FFFE061
:10A800000002002000040000000400200007FFE018
:10A810000003FFE00002002000040000000400200C
:10A820000007FFE00003FFE0000000200000000040
:10A830000000000000040020000400200007FFE0EA
:10A84000000FFFE0000100200002002000020000D5
:10A8500000040000000400000004002000060020A6
:10A860000003FFE00001FFE00000002000000020E6
:10A87000000000000000000000007E000000FF80DB
:10A88000000381C0000200400006002000040020F8
:10A890000004002000040020000600200002004008
:10A8A000000381C00001FF8000007E000000000066
:10A8B0000000000000040001000400010007FFFF89
:10A8C000000FFFFF000100C1000200410004002052
:10A8D00000040020000400200004002000060040C6
:10A8E000000301C00001FF8000007E0000000000A6
:10A8F000000000000000000000007E000001FF805A
:10A90000000380C00002006000040020000400205A
:10A91000000400200004002000020041000300C1E8
:10A920000003FFFF0007FFFF00000001000000011F
:10A9300000000000000400200004002000040020AB
:10A9400000040020000FFFE0000FFFE00000C02027
:10A95000000100200002002000060020000400008A
:10A9600000040000000700000003000000000000D9
:10A970000000000000000000000003E00001C0E053
:10A980000003E040000630200004302000041820BE
:10A99000000418200004182000040C2000020C60A1
:10A9A000000307C0000783800000000000000000D3
:10A9B000000000000000000000040000000400008F
:10A9C00000040000000C0000001FFF8000FFFFC01B
:10A9D00000040060000400200004002000040020A7
:10A9E00000040040000001800000000000000000A2
:10A9F0000000000000040000000400000007FF80C9
:10AA0000000FFFC0000000600000002000000020D8
:10AA1000000000200000002000040040000400802E
:10AA20000007FFE0000FFFC00000004000000040F2
:10AA30000000000000040000000400000007800087
:10AA40000007F0000004FE0000041FC0000003E047
:10AA50000000038000001C0000046000000780006C
:10AA600000060000000400000000000000000000DC
:10AA700000040000000600000007C0000007FC0002
:10AA800000043F80000003E000040F800006F00097
:10AA90000007F0000007FF8000040FE000000380C3
:10AAA00000043C000007C000000600000004000095
:10AAB00000000000000000200004002000040060EE
:10AAC000000700E0000783200007E6000004F8000C
:10AAD00000003C0000045E20000587A0000601E0A5
:10AAE00000040060000400200000002000000000BE
:10AAF0000000000000040000000400030007000341
:10AB00000007E0010004F80100041F02000007FC38
:10AB1000000000E000000700000438000007C0004B
:10AB20000006000000040000000400000000000017
:10AB3000000000000000000000078060000600E048
:10AB4000000403E0000407A000040E2000043C20E1
:10AB5000000470200005E02000078020000700604E
:10AB6000000400E00000038000000000000000007E
:10AB700000000000000000000000000000000000D5
:10AB80000000000000000000000000000000800045
:10AB9000000080000001400007FE3FF808000004AC
:10ABA0001000000210000002000000000000000081
:10ABB0000000000000000000000000000000000095
:10ABC0000000000000000000000000000000000085
:10ABD000FFFFFFFF00000000000000000000000079
:10ABE0000000000000000000000000000000000065
:10ABF0000000000000000000100000021000000231
:10AC00000800000407FE3FF800014000000080003B
:10AC100000008000000000000000000000000000B4
:10AC20000000000000000000000000000000000024
:10AC3000000000001800000030000000400000008C
:10AC40004000000040000000200000003000000034
:10AC500008000000040000000200000002000000E4
:10AC6000020000000C0000001800000000000000BE
:10AC70003031323334353637383941424344454632
:10AC8000403058003031323334353637383961622C
:10AC90006364656640307800B8AC000800000020AE
:10ACA000300000006C010008E8AC00083000002013
:10ACB000C0070000880100080024F4000000000024
:10ACC0000000000000000000000000001000000074
:10ACD0000100000000F80000FFFF0000000000007D
:08ACE00000000000000000006C
:0400000508000131BD
:00000001FF
